[
{
  "model": "ary.affectedgroup",
  "pk": 1,
  "fields": {
    "template": 1,
    "title": "Affected",
    "order": 2,
    "parent": 9
  }
},
{
  "model": "ary.affectedgroup",
  "pk": 2,
  "fields": {
    "template": 1,
    "title": "Displaced",
    "order": 3,
    "parent": 1
  }
},
{
  "model": "ary.affectedgroup",
  "pk": 3,
  "fields": {
    "template": 1,
    "title": "IDPs",
    "order": 3,
    "parent": 2
  }
},
{
  "model": "ary.affectedgroup",
  "pk": 4,
  "fields": {
    "template": 1,
    "title": "Refugees",
    "order": 4,
    "parent": 2
  }
},
{
  "model": "ary.affectedgroup",
  "pk": 5,
  "fields": {
    "template": 1,
    "title": "Returnees",
    "order": 4,
    "parent": 2
  }
},
{
  "model": "ary.affectedgroup",
  "pk": 6,
  "fields": {
    "template": 1,
    "title": "Other of concerns",
    "order": 4,
    "parent": 2
  }
},
{
  "model": "ary.affectedgroup",
  "pk": 7,
  "fields": {
    "template": 1,
    "title": "Asylum Seekers",
    "order": 4,
    "parent": 2
  }
},
{
  "model": "ary.affectedgroup",
  "pk": 8,
  "fields": {
    "template": 1,
    "title": "Not Displaced",
    "order": 3,
    "parent": 1
  }
},
{
  "model": "ary.affectedgroup",
  "pk": 9,
  "fields": {
    "template": 1,
    "title": "All",
    "order": 1,
    "parent": null
  }
},
{
  "model": "ary.affectedgroup",
  "pk": 10,
  "fields": {
    "template": 1,
    "title": "Not Affected",
    "order": 2,
    "parent": 9
  }
},
{
  "model": "ary.affectedgroup",
  "pk": 11,
  "fields": {
    "template": 1,
    "title": "Stateless",
    "order": 3,
    "parent": 1
  }
},
{
  "model": "ary.affectedgroup",
  "pk": 12,
  "fields": {
    "template": 1,
    "title": "Host",
    "order": 4,
    "parent": 8
  }
},
{
  "model": "ary.affectedgroup",
  "pk": 13,
  "fields": {
    "template": 1,
    "title": "Not Host",
    "order": 4,
    "parent": 8
  }
},
{
  "model": "ary.affectedgroup",
  "pk": 14,
  "fields": {
    "template": 1,
    "title": "Migrants",
    "order": 5,
    "parent": 2
  }
},
{
  "model": "ary.affectedgroup",
  "pk": 15,
  "fields": {
    "template": 1,
    "title": "In Transit",
    "order": 7,
    "parent": 2
  }
},
{
  "model": "ary.affectedlocation",
  "pk": 1,
  "fields": {
    "template": 1,
    "title": "gag",
    "order": 1
  }
},
{
  "model": "ary.assessmenttemplate",
  "pk": 1,
  "fields": {
    "created_at": "2018-03-27T11:20:10.571Z",
    "modified_at": "2018-11-11T05:12:15.812Z",
    "created_by": null,
    "modified_by": null,
    "client_id": null,
    "title": "Standard Assessment Template"
  }
},
{
  "model": "ary.focus",
  "pk": 4,
  "fields": {
    "template": 1,
    "title": "Damages",
    "order": 6
  }
},
{
  "model": "ary.focus",
  "pk": 5,
  "fields": {
    "template": 1,
    "title": "Intentions",
    "order": 7
  }
},
{
  "model": "ary.focus",
  "pk": 6,
  "fields": {
    "template": 1,
    "title": "Market",
    "order": 6
  }
},
{
  "model": "ary.focus",
  "pk": 7,
  "fields": {
    "template": 1,
    "title": "Cash",
    "order": 8
  }
},
{
  "model": "ary.focus",
  "pk": 8,
  "fields": {
    "template": 1,
    "title": "Humanitarian Access",
    "order": 3
  }
},
{
  "model": "ary.focus",
  "pk": 9,
  "fields": {
    "template": 1,
    "title": "Scope & Scale",
    "order": 1
  }
},
{
  "model": "ary.focus",
  "pk": 10,
  "fields": {
    "template": 1,
    "title": "Humanitarian Conditions",
    "order": 2
  }
},
{
  "model": "ary.focus",
  "pk": 11,
  "fields": {
    "template": 1,
    "title": "Response & Capacities",
    "order": 4
  }
},
{
  "model": "ary.focus",
  "pk": 12,
  "fields": {
    "template": 1,
    "title": "Cross Sector",
    "order": 5
  }
},
{
  "model": "ary.focus",
  "pk": 41,
  "fields": {
    "template": 1,
    "title": "Information and communication",
    "order": 7
  }
},
{
  "model": "ary.focus",
  "pk": 42,
  "fields": {
    "template": 1,
    "title": "Displacement",
    "order": 7
  }
},
{
  "model": "ary.metadatafield",
  "pk": 1,
  "fields": {
    "title": "Crisis Type",
    "is_required": false,
    "field_type": "select",
    "source_type": null,
    "properties": null,
    "group": 1,
    "tooltip": "Primary type of crisis during which the assessment was conducted, e.g. floods, conflict, etc.",
    "order": 2
  }
},
{
  "model": "ary.metadatafield",
  "pk": 2,
  "fields": {
    "title": "Crisis Start Date",
    "is_required": false,
    "field_type": "date",
    "source_type": null,
    "properties": null,
    "group": 1,
    "tooltip": "Estimated date at which the crisis was declared, in the absence of clear data, use the date of the first report available in GLIDE",
    "order": 3
  }
},
{
  "model": "ary.metadatafield",
  "pk": 3,
  "fields": {
    "title": "Preparedness",
    "is_required": false,
    "field_type": "select",
    "source_type": null,
    "properties": null,
    "group": 1,
    "tooltip": "Preparedness implies that the assessment teams are using protocols, tools, skills and templates that were discussed and agreed in advance of the disaster in the considered country.",
    "order": 4
  }
},
{
  "model": "ary.metadatafield",
  "pk": 4,
  "fields": {
    "title": "External Support",
    "is_required": false,
    "field_type": "multiselect",
    "source_type": null,
    "properties": null,
    "group": 1,
    "tooltip": "Support received from an external actor or organization, e.g. OCHA NAAS, ACAPS, Mapaction, etc.",
    "order": 5
  }
},
{
  "model": "ary.metadatafield",
  "pk": 6,
  "fields": {
    "title": "Coordination",
    "is_required": false,
    "field_type": "select",
    "source_type": null,
    "properties": null,
    "group": 1,
    "tooltip": "There are three levels of coordination for needs assessment. By default, if the assessment was implemented by one single agency or organization, then the assessment is uncoordinated. The cover page should have only one logo. If the assessment was implemented by several organizations or partners, then it is categorized as Joint Assessment. It should have several logos on the cover page, there is only one methodology, questionnaire and final report. If the assessment took data from another assessment or is part of a larger constellation of assessments, i.e. a health assessment that is implemented in parallel to a WASH assessment and that take results from the WASH assessment to complement his, then the assessment is Harmonized. There are several assessments, reports and methodologies, but each assessment uses data from another assessment. This is a rather rare case.",
    "order": 6
  }
},
{
  "model": "ary.metadatafield",
  "pk": 7,
  "fields": {
    "title": "Cost estimates in USD",
    "is_required": false,
    "field_type": "number",
    "source_type": null,
    "properties": null,
    "group": 1,
    "tooltip": "Total cost estimate of the assessment (rarely available, keep blank if no indication)",
    "order": 7
  }
},
{
  "model": "ary.metadatafield",
  "pk": 8,
  "fields": {
    "title": "Lead Organization",
    "is_required": false,
    "field_type": "multiselect",
    "source_type": "organizations",
    "properties": null,
    "group": 2,
    "tooltip": "Main organization(s) e.g. NGO, UN agency, etc. implementing the assessment or facilitating the initiative. There can be more than one.",
    "order": 1
  }
},
{
  "model": "ary.metadatafield",
  "pk": 9,
  "fields": {
    "title": "International Partners",
    "is_required": false,
    "field_type": "multiselect",
    "source_type": "organizations",
    "properties": null,
    "group": 2,
    "tooltip": "Other international organizations e.g. INGOs, UN agency, etc. participating or contributing to the initiative",
    "order": 2
  }
},
{
  "model": "ary.metadatafield",
  "pk": 10,
  "fields": {
    "title": "Government",
    "is_required": false,
    "field_type": "multiselect",
    "source_type": "organizations",
    "properties": null,
    "group": 2,
    "tooltip": "Ministries, e.g. MoH, ministry of education, etc.",
    "order": 4
  }
},
{
  "model": "ary.metadatafield",
  "pk": 11,
  "fields": {
    "title": "Donor",
    "is_required": false,
    "field_type": "multiselect",
    "source_type": "organizations",
    "properties": null,
    "group": 2,
    "tooltip": "International or local donors contributing funding to the needs assessment, e.g. UKAID, ECHO, USAID, SIDA, CIDA, OFDA",
    "order": 3
  }
},
{
  "model": "ary.metadatafield",
  "pk": 12,
  "fields": {
    "title": "Data Collection Start Date",
    "is_required": false,
    "field_type": "date",
    "source_type": null,
    "properties": null,
    "group": 3,
    "tooltip": "The date at which the field data collection or the SDR started",
    "order": 1
  }
},
{
  "model": "ary.metadatafield",
  "pk": 13,
  "fields": {
    "title": "Data Collection End Date",
    "is_required": false,
    "field_type": "date",
    "source_type": null,
    "properties": null,
    "group": 3,
    "tooltip": "The date at which the field data collection or the SDR stopped",
    "order": 2
  }
},
{
  "model": "ary.metadatafield",
  "pk": 14,
  "fields": {
    "title": "Publication Date",
    "is_required": false,
    "field_type": "date",
    "source_type": null,
    "properties": null,
    "group": 3,
    "tooltip": "The date at which the report was published on web platform, e.g. HR.info, reliefweb, etc.",
    "order": 3
  }
},
{
  "model": "ary.metadatafield",
  "pk": 15,
  "fields": {
    "title": "Status",
    "is_required": false,
    "field_type": "select",
    "source_type": null,
    "properties": null,
    "group": 5,
    "tooltip": "If the assessment is planned (has not started yet), in progress (currently under design, data collection or analysis started) or completed (finalized and published already)",
    "order": 3
  }
},
{
  "model": "ary.metadatafield",
  "pk": 16,
  "fields": {
    "title": "Frequency",
    "is_required": false,
    "field_type": "select",
    "source_type": null,
    "properties": null,
    "group": 5,
    "tooltip": "One off assessment or regular. If you clicked monitoring under Type, then you should use \u201cRegular\u201d for the frequency",
    "order": 4
  }
},
{
  "model": "ary.metadatafield",
  "pk": 17,
  "fields": {
    "title": "Confidentiality",
    "is_required": false,
    "field_type": "select",
    "source_type": null,
    "properties": null,
    "group": 5,
    "tooltip": "Identify if the assessment is usable and quotable or if it was privately shared and should be kept confidential by analysts. If the document was posted on internet, then confidentiality level is unprotected by default",
    "order": 5
  }
},
{
  "model": "ary.metadatafield",
  "pk": 18,
  "fields": {
    "title": "Language",
    "is_required": false,
    "field_type": "multiselect",
    "source_type": null,
    "properties": null,
    "group": 5,
    "tooltip": "Languages available for the report",
    "order": 6
  }
},
{
  "model": "ary.metadatafield",
  "pk": 19,
  "fields": {
    "title": "Number of Pages",
    "is_required": false,
    "field_type": "number",
    "source_type": null,
    "properties": null,
    "group": 5,
    "tooltip": "",
    "order": 7
  }
},
{
  "model": "ary.metadatafield",
  "pk": 20,
  "fields": {
    "title": "Type",
    "is_required": false,
    "field_type": "select",
    "source_type": null,
    "properties": null,
    "group": 5,
    "tooltip": "Type of assessment, initial, rapid, in-depth or monitoring. Initial include field visits at the beginning of a crisis, generally taking a few hours/days and based on qualitative research method, sampling is convenience/purposive. Rapid include more structured assessments, generally taking a one or two weeks and using qualitative research methods, sampling is purposive. In depth assessment take longer and are generally representative and use quantitative research methods or mixed methods approaches, e.g. HH survey + focus group discussions. Monitoring are repeated assessments, e.g. DTM, protection monitoring, etc.",
    "order": 1
  }
},
{
  "model": "ary.metadatafield",
  "pk": 21,
  "fields": {
    "title": "Family",
    "is_required": false,
    "field_type": "select",
    "source_type": null,
    "properties": null,
    "group": 5,
    "tooltip": "Family refers to assessments for which guidance and manual exists, e.g. HeRAMS, EFSA, MIRA, DTM, etc.",
    "order": 2
  }
},
{
  "model": "ary.metadatafield",
  "pk": 22,
  "fields": {
    "title": "National Partners",
    "is_required": false,
    "field_type": "multiselect",
    "source_type": "organizations",
    "properties": null,
    "group": 2,
    "tooltip": "Other national organizations e.g. local LNGOs participating or contributing to the initiative",
    "order": 4
  }
},
{
  "model": "ary.metadatafield",
  "pk": 26,
  "fields": {
    "title": "Country",
    "is_required": false,
    "field_type": "multiselect",
    "source_type": "countries",
    "properties": null,
    "group": 1,
    "tooltip": "Country covered by the assessment report",
    "order": 1
  }
},
{
  "model": "ary.metadatagroup",
  "pk": 1,
  "fields": {
    "template": 1,
    "title": "Background",
    "order": 1
  }
},
{
  "model": "ary.metadatagroup",
  "pk": 2,
  "fields": {
    "template": 1,
    "title": "Stakeholders",
    "order": 4
  }
},
{
  "model": "ary.metadatagroup",
  "pk": 3,
  "fields": {
    "template": 1,
    "title": "Dates",
    "order": 3
  }
},
{
  "model": "ary.metadatagroup",
  "pk": 5,
  "fields": {
    "template": 1,
    "title": "Details",
    "order": 2
  }
},
{
  "model": "ary.metadatagroup",
  "pk": 6,
  "fields": {
    "template": 1,
    "title": "Report Details",
    "order": 6
  }
},
{
  "model": "ary.metadataoption",
  "pk": 1,
  "fields": {
    "key": "1",
    "title": "Earthquake",
    "field": 1,
    "order": 1
  }
},
{
  "model": "ary.metadataoption",
  "pk": 2,
  "fields": {
    "key": "2",
    "title": "Ground Shaking",
    "field": 1,
    "order": 2
  }
},
{
  "model": "ary.metadataoption",
  "pk": 3,
  "fields": {
    "key": "3",
    "title": "Tsunami",
    "field": 1,
    "order": 3
  }
},
{
  "model": "ary.metadataoption",
  "pk": 4,
  "fields": {
    "key": "4",
    "title": "Volcano",
    "field": 1,
    "order": 4
  }
},
{
  "model": "ary.metadataoption",
  "pk": 5,
  "fields": {
    "key": "5",
    "title": "Volcanic Eruption",
    "field": 1,
    "order": 5
  }
},
{
  "model": "ary.metadataoption",
  "pk": 6,
  "fields": {
    "key": "6",
    "title": "Mass Movement (Dry)",
    "field": 1,
    "order": 6
  }
},
{
  "model": "ary.metadataoption",
  "pk": 7,
  "fields": {
    "key": "7",
    "title": "Rockfall",
    "field": 1,
    "order": 7
  }
},
{
  "model": "ary.metadataoption",
  "pk": 8,
  "fields": {
    "key": "8",
    "title": "Avalance",
    "field": 1,
    "order": 8
  }
},
{
  "model": "ary.metadataoption",
  "pk": 9,
  "fields": {
    "key": "9",
    "title": "Landslide",
    "field": 1,
    "order": 9
  }
},
{
  "model": "ary.metadataoption",
  "pk": 10,
  "fields": {
    "key": "10",
    "title": "Subsidence",
    "field": 1,
    "order": 10
  }
},
{
  "model": "ary.metadataoption",
  "pk": 11,
  "fields": {
    "key": "11",
    "title": "Extra Tropical Cyclone",
    "field": 1,
    "order": 11
  }
},
{
  "model": "ary.metadataoption",
  "pk": 12,
  "fields": {
    "key": "12",
    "title": "Tropical Cyclone",
    "field": 1,
    "order": 12
  }
},
{
  "model": "ary.metadataoption",
  "pk": 13,
  "fields": {
    "key": "13",
    "title": "Local/Convective Strom",
    "field": 1,
    "order": 13
  }
},
{
  "model": "ary.metadataoption",
  "pk": 14,
  "fields": {
    "key": "14",
    "title": "Extra Tropical Cyclone",
    "field": 1,
    "order": 14
  }
},
{
  "model": "ary.metadataoption",
  "pk": 15,
  "fields": {
    "key": "15",
    "title": "Flood/Rain",
    "field": 1,
    "order": 15
  }
},
{
  "model": "ary.metadataoption",
  "pk": 16,
  "fields": {
    "key": "16",
    "title": "General River Flood",
    "field": 1,
    "order": 16
  }
},
{
  "model": "ary.metadataoption",
  "pk": 17,
  "fields": {
    "key": "17",
    "title": "Flash Flood",
    "field": 1,
    "order": 17
  }
},
{
  "model": "ary.metadataoption",
  "pk": 18,
  "fields": {
    "key": "18",
    "title": "Storm surge/Coastal Flood",
    "field": 1,
    "order": 18
  }
},
{
  "model": "ary.metadataoption",
  "pk": 19,
  "fields": {
    "key": "19",
    "title": "Mass Movement (wet)",
    "field": 1,
    "order": 19
  }
},
{
  "model": "ary.metadataoption",
  "pk": 20,
  "fields": {
    "key": "20",
    "title": "Extreme Temperature",
    "field": 1,
    "order": 20
  }
},
{
  "model": "ary.metadataoption",
  "pk": 21,
  "fields": {
    "key": "21",
    "title": "Heat Wave",
    "field": 1,
    "order": 21
  }
},
{
  "model": "ary.metadataoption",
  "pk": 22,
  "fields": {
    "key": "22",
    "title": "Cold Wave",
    "field": 1,
    "order": 22
  }
},
{
  "model": "ary.metadataoption",
  "pk": 23,
  "fields": {
    "key": "23",
    "title": "Extreme Weather Conditions",
    "field": 1,
    "order": 23
  }
},
{
  "model": "ary.metadataoption",
  "pk": 24,
  "fields": {
    "key": "24",
    "title": "Drought",
    "field": 1,
    "order": 24
  }
},
{
  "model": "ary.metadataoption",
  "pk": 25,
  "fields": {
    "key": "25",
    "title": "Wildfire",
    "field": 1,
    "order": 25
  }
},
{
  "model": "ary.metadataoption",
  "pk": 26,
  "fields": {
    "key": "1",
    "title": "With preparedness",
    "field": 3,
    "order": 1
  }
},
{
  "model": "ary.metadataoption",
  "pk": 27,
  "fields": {
    "key": "2",
    "title": "Without preparedness",
    "field": 3,
    "order": 2
  }
},
{
  "model": "ary.metadataoption",
  "pk": 29,
  "fields": {
    "key": "1",
    "title": "External support received",
    "field": 4,
    "order": 1
  }
},
{
  "model": "ary.metadataoption",
  "pk": 30,
  "fields": {
    "key": "2",
    "title": "No external support received",
    "field": 4,
    "order": 2
  }
},
{
  "model": "ary.metadataoption",
  "pk": 37,
  "fields": {
    "key": "1",
    "title": "Coordinated - Joint",
    "field": 6,
    "order": 1
  }
},
{
  "model": "ary.metadataoption",
  "pk": 38,
  "fields": {
    "key": "2",
    "title": "Coordinated - Harmonized",
    "field": 6,
    "order": 3
  }
},
{
  "model": "ary.metadataoption",
  "pk": 39,
  "fields": {
    "key": "3",
    "title": "Uncoordinated",
    "field": 6,
    "order": 3
  }
},
{
  "model": "ary.metadataoption",
  "pk": 40,
  "fields": {
    "key": "1",
    "title": "1",
    "field": 7,
    "order": 1
  }
},
{
  "model": "ary.metadataoption",
  "pk": 41,
  "fields": {
    "key": "2",
    "title": "2",
    "field": 7,
    "order": 2
  }
},
{
  "model": "ary.metadataoption",
  "pk": 42,
  "fields": {
    "key": "3",
    "title": "3",
    "field": 7,
    "order": 3
  }
},
{
  "model": "ary.metadataoption",
  "pk": 48,
  "fields": {
    "key": "1",
    "title": "With government participation",
    "field": 10,
    "order": 1
  }
},
{
  "model": "ary.metadataoption",
  "pk": 49,
  "fields": {
    "key": "2",
    "title": "Without government participation",
    "field": 10,
    "order": 2
  }
},
{
  "model": "ary.metadataoption",
  "pk": 53,
  "fields": {
    "key": "1",
    "title": "Planned",
    "field": 15,
    "order": 1
  }
},
{
  "model": "ary.metadataoption",
  "pk": 54,
  "fields": {
    "key": "2",
    "title": "In progress",
    "field": 15,
    "order": 2
  }
},
{
  "model": "ary.metadataoption",
  "pk": 55,
  "fields": {
    "key": "3",
    "title": "Completed",
    "field": 15,
    "order": 3
  }
},
{
  "model": "ary.metadataoption",
  "pk": 56,
  "fields": {
    "key": "1",
    "title": "One off",
    "field": 16,
    "order": 1
  }
},
{
  "model": "ary.metadataoption",
  "pk": 57,
  "fields": {
    "key": "2",
    "title": "Regular",
    "field": 16,
    "order": 2
  }
},
{
  "model": "ary.metadataoption",
  "pk": 58,
  "fields": {
    "key": "1",
    "title": "Unprotected",
    "field": 17,
    "order": 1
  }
},
{
  "model": "ary.metadataoption",
  "pk": 59,
  "fields": {
    "key": "2",
    "title": "Protected",
    "field": 17,
    "order": 2
  }
},
{
  "model": "ary.metadataoption",
  "pk": 60,
  "fields": {
    "key": "3",
    "title": "Restricted",
    "field": 17,
    "order": 3
  }
},
{
  "model": "ary.metadataoption",
  "pk": 61,
  "fields": {
    "key": "1",
    "title": "English",
    "field": 18,
    "order": 1
  }
},
{
  "model": "ary.metadataoption",
  "pk": 62,
  "fields": {
    "key": "2",
    "title": "French",
    "field": 18,
    "order": 2
  }
},
{
  "model": "ary.metadataoption",
  "pk": 63,
  "fields": {
    "key": "3",
    "title": "Spanish",
    "field": 18,
    "order": 3
  }
},
{
  "model": "ary.metadataoption",
  "pk": 64,
  "fields": {
    "key": "1",
    "title": "In-depth",
    "field": 20,
    "order": 3
  }
},
{
  "model": "ary.metadataoption",
  "pk": 65,
  "fields": {
    "key": "2",
    "title": "Rapid",
    "field": 20,
    "order": 2
  }
},
{
  "model": "ary.metadataoption",
  "pk": 66,
  "fields": {
    "key": "4",
    "title": "Arabic",
    "field": 18,
    "order": 4
  }
},
{
  "model": "ary.metadataoption",
  "pk": 67,
  "fields": {
    "key": "3",
    "title": "Initial",
    "field": 20,
    "order": 1
  }
},
{
  "model": "ary.metadataoption",
  "pk": 68,
  "fields": {
    "key": "4",
    "title": "Monitoring",
    "field": 20,
    "order": 4
  }
},
{
  "model": "ary.metadataoption",
  "pk": 72,
  "fields": {
    "key": "5",
    "title": "Other",
    "field": 20,
    "order": 6
  }
},
{
  "model": "ary.metadataoption",
  "pk": 73,
  "fields": {
    "key": "4",
    "title": "Confidential",
    "field": 17,
    "order": 4
  }
},
{
  "model": "ary.metadataoption",
  "pk": 74,
  "fields": {
    "key": "1",
    "title": "Displacement Tracking Matrix",
    "field": 21,
    "order": 1
  }
},
{
  "model": "ary.metadataoption",
  "pk": 75,
  "fields": {
    "key": "2",
    "title": "Multi Cluster Initial and Rapid Assessment",
    "field": 21,
    "order": 2
  }
},
{
  "model": "ary.metadataoption",
  "pk": 76,
  "fields": {
    "key": "3",
    "title": "Multi sectoral Needs Assessment",
    "field": 21,
    "order": 3
  }
},
{
  "model": "ary.metadataoption",
  "pk": 77,
  "fields": {
    "key": "4",
    "title": "Emergency Food Security Assessment",
    "field": 21,
    "order": 4
  }
},
{
  "model": "ary.metadataoption",
  "pk": 78,
  "fields": {
    "key": "5",
    "title": "Comprehensive Food Security and Vulnerability Analysis",
    "field": 21,
    "order": 5
  }
},
{
  "model": "ary.metadataoption",
  "pk": 79,
  "fields": {
    "key": "26",
    "title": "Conflict",
    "field": 1,
    "order": 26
  }
},
{
  "model": "ary.metadataoption",
  "pk": 82,
  "fields": {
    "key": "yes",
    "title": "With local partner",
    "field": 22,
    "order": 1
  }
},
{
  "model": "ary.metadataoption",
  "pk": 83,
  "fields": {
    "key": "no",
    "title": "Without local partner",
    "field": 22,
    "order": 2
  }
},
{
  "model": "ary.metadataoption",
  "pk": 112,
  "fields": {
    "key": "27",
    "title": "Population displacement",
    "field": 1,
    "order": 27
  }
},
{
  "model": "ary.metadataoption",
  "pk": 113,
  "fields": {
    "key": "6",
    "title": "Protection Monitoring",
    "field": 21,
    "order": 6
  }
},
{
  "model": "ary.metadataoption",
  "pk": 145,
  "fields": {
    "key": "7",
    "title": "Humanitarian Needs Overview",
    "field": 21,
    "order": 7
  }
},
{
  "model": "ary.metadataoption",
  "pk": 146,
  "fields": {
    "key": "5",
    "title": "Portuguese",
    "field": 18,
    "order": 5
  }
},
{
  "model": "ary.metadataoption",
  "pk": 147,
  "fields": {
    "key": "8",
    "title": "Briefing note",
    "field": 21,
    "order": 8
  }
},
{
  "model": "ary.metadataoption",
  "pk": 148,
  "fields": {
    "key": "9",
    "title": "Registration",
    "field": 21,
    "order": 9
  }
},
{
  "model": "ary.metadataoption",
  "pk": 149,
  "fields": {
    "key": "6",
    "title": "Registration",
    "field": 20,
    "order": 5
  }
},
{
  "model": "ary.methodologyfield",
  "pk": 1,
  "fields": {
    "title": "Data Collection Technique",
    "is_required": false,
    "field_type": "select",
    "source_type": null,
    "properties": null,
    "group": 1,
    "tooltip": "The data collection technique(s) used to collect or collate data, e.g. SDR, direct observation, etc. List all data collection techniques used for the assessment: SDR, Direct observation, etc. Look into the methodology section and the questionnaire to identify what type of question is there. Sometimes direct observation is not mentioned but by looking at the questionnaire we realize that some questions are for direct observation only.",
    "order": 1
  }
},
{
  "model": "ary.methodologyfield",
  "pk": 2,
  "fields": {
    "title": "Sampling Approach",
    "is_required": false,
    "field_type": "select",
    "source_type": null,
    "properties": null,
    "group": 2,
    "tooltip": "The type of sampling technique used, e.g. convenience, purposive or random, or a mix of those, in order to identify the degree of representativity of the information contained in the report.\r\nIf no mention is made of random selection of participants or representative sampling, then \u201crandom sampling\u201d will not apply. If the report mentions a random or comprehensive sampling and is clear with its limitations, we use \u201cRandom sampling\u201d. IF random sampling is used, you will see words such as confidence interval, margin of error, random, representative, generalizable, etc.\r\nIf respondents or locations were not chosen randomly but with a purpose in mind, then \u201cpurposive sampling\u201d will apply, e.g. a rapid assessment visiting all IDPs in earthquake affected areas. If the assessment teams could only visit accessible areas, then \u201cConvenience sampling\u201d will apply. Both Purposive and convenience belong to the category \u201cNon-random sampling\u201d\r\nIf all the units of interests were visited, then select \u201cfull enumeration\u201d, for instance a satellite imagery for damage assessment or a census.",
    "order": 1
  }
},
{
  "model": "ary.methodologyfield",
  "pk": 3,
  "fields": {
    "title": "Sampling Size",
    "is_required": false,
    "field_type": "number",
    "source_type": null,
    "properties": null,
    "group": 2,
    "tooltip": "The number of samples for this particular data collection technique, e.g. 1200 HHs, 70 KIs, etc.",
    "order": 2
  }
},
{
  "model": "ary.methodologyfield",
  "pk": 4,
  "fields": {
    "title": "Proximity",
    "is_required": false,
    "field_type": "select",
    "source_type": null,
    "properties": null,
    "group": 3,
    "tooltip": "Identify if the assessment was done remotely or face to face or a combination of methods",
    "order": 1
  }
},
{
  "model": "ary.methodologyfield",
  "pk": 5,
  "fields": {
    "title": "Unit of Analysis",
    "is_required": false,
    "field_type": "select",
    "source_type": null,
    "properties": null,
    "group": 4,
    "tooltip": "The lowest level at which the information was captured (e.g. Household, health facility level, markets, etc.)",
    "order": 1
  }
},
{
  "model": "ary.methodologyfield",
  "pk": 6,
  "fields": {
    "title": "Unit of reporting",
    "is_required": false,
    "field_type": "select",
    "source_type": null,
    "properties": null,
    "group": 5,
    "tooltip": "The level at which the data is being aggregated and is the most commonly reported in the report, e.g. the community, the sub-district, the affected group, etc. For instance, to determine the knowledge level of several school, a questionnaire is being conducted with each student (unit of analysis), but the results are being presented for each school or education area (unit of reporting). IOM data for the Displacement tracking matrix is being collected for each IDP camp (unit of analysis) but in the report, results are being presented for each district or province (unit of reporting).",
    "order": 1
  }
},
{
  "model": "ary.methodologygroup",
  "pk": 1,
  "fields": {
    "template": 1,
    "title": "Collection Technique",
    "order": 1
  }
},
{
  "model": "ary.methodologygroup",
  "pk": 2,
  "fields": {
    "template": 1,
    "title": "Sampling",
    "order": 2
  }
},
{
  "model": "ary.methodologygroup",
  "pk": 3,
  "fields": {
    "template": 1,
    "title": "Proximity",
    "order": 3
  }
},
{
  "model": "ary.methodologygroup",
  "pk": 4,
  "fields": {
    "template": 1,
    "title": "Unit of Analysis",
    "order": 4
  }
},
{
  "model": "ary.methodologygroup",
  "pk": 5,
  "fields": {
    "template": 1,
    "title": "Unit of Reporting",
    "order": 5
  }
},
{
  "model": "ary.methodologyoption",
  "pk": 1,
  "fields": {
    "key": "1",
    "title": "Secondary Data Review",
    "field": 1,
    "order": 1
  }
},
{
  "model": "ary.methodologyoption",
  "pk": 2,
  "fields": {
    "key": "2",
    "title": "Key Informant Interview",
    "field": 1,
    "order": 2
  }
},
{
  "model": "ary.methodologyoption",
  "pk": 3,
  "fields": {
    "key": "3",
    "title": "Direct Observation",
    "field": 1,
    "order": 3
  }
},
{
  "model": "ary.methodologyoption",
  "pk": 4,
  "fields": {
    "key": "1",
    "title": "Non-Random Selection",
    "field": 2,
    "order": 1
  }
},
{
  "model": "ary.methodologyoption",
  "pk": 5,
  "fields": {
    "key": "2",
    "title": "Random Selection",
    "field": 2,
    "order": 2
  }
},
{
  "model": "ary.methodologyoption",
  "pk": 7,
  "fields": {
    "key": "1",
    "title": "Face-to-Face",
    "field": 4,
    "order": 1
  }
},
{
  "model": "ary.methodologyoption",
  "pk": 8,
  "fields": {
    "key": "2",
    "title": "Remote",
    "field": 4,
    "order": 2
  }
},
{
  "model": "ary.methodologyoption",
  "pk": 9,
  "fields": {
    "key": "2",
    "title": "Country",
    "field": 5,
    "order": 2
  }
},
{
  "model": "ary.methodologyoption",
  "pk": 10,
  "fields": {
    "key": "3",
    "title": "Region",
    "field": 5,
    "order": 3
  }
},
{
  "model": "ary.methodologyoption",
  "pk": 11,
  "fields": {
    "key": "2",
    "title": "Country",
    "field": 6,
    "order": 2
  }
},
{
  "model": "ary.methodologyoption",
  "pk": 12,
  "fields": {
    "key": "3",
    "title": "Region",
    "field": 6,
    "order": 3
  }
},
{
  "model": "ary.methodologyoption",
  "pk": 13,
  "fields": {
    "key": "4",
    "title": "Household Interview",
    "field": 1,
    "order": 7
  }
},
{
  "model": "ary.methodologyoption",
  "pk": 14,
  "fields": {
    "key": "5",
    "title": "Individual Interview",
    "field": 1,
    "order": 8
  }
},
{
  "model": "ary.methodologyoption",
  "pk": 15,
  "fields": {
    "key": "6",
    "title": "Focus Group Discussion",
    "field": 1,
    "order": 5
  }
},
{
  "model": "ary.methodologyoption",
  "pk": 16,
  "fields": {
    "key": "7",
    "title": "Community Group Discussion",
    "field": 1,
    "order": 4
  }
},
{
  "model": "ary.methodologyoption",
  "pk": 17,
  "fields": {
    "key": "4",
    "title": "Province/governorate/prefecture",
    "field": 5,
    "order": 4
  }
},
{
  "model": "ary.methodologyoption",
  "pk": 18,
  "fields": {
    "key": "5",
    "title": "Department/District",
    "field": 5,
    "order": 5
  }
},
{
  "model": "ary.methodologyoption",
  "pk": 19,
  "fields": {
    "key": "6",
    "title": "Sub-District",
    "field": 5,
    "order": 6
  }
},
{
  "model": "ary.methodologyoption",
  "pk": 20,
  "fields": {
    "key": "7",
    "title": "Municipality",
    "field": 5,
    "order": 7
  }
},
{
  "model": "ary.methodologyoption",
  "pk": 21,
  "fields": {
    "key": "8",
    "title": "Neighborhood/Quartier",
    "field": 5,
    "order": 8
  }
},
{
  "model": "ary.methodologyoption",
  "pk": 22,
  "fields": {
    "key": "9",
    "title": "Community/Site",
    "field": 5,
    "order": 9
  }
},
{
  "model": "ary.methodologyoption",
  "pk": 23,
  "fields": {
    "key": "10",
    "title": "Affected group",
    "field": 5,
    "order": 10
  }
},
{
  "model": "ary.methodologyoption",
  "pk": 24,
  "fields": {
    "key": "11",
    "title": "Household",
    "field": 5,
    "order": 11
  }
},
{
  "model": "ary.methodologyoption",
  "pk": 26,
  "fields": {
    "key": "4",
    "title": "Province/Governorate/Prefecture",
    "field": 6,
    "order": 4
  }
},
{
  "model": "ary.methodologyoption",
  "pk": 27,
  "fields": {
    "key": "5",
    "title": "Department/district",
    "field": 6,
    "order": 5
  }
},
{
  "model": "ary.methodologyoption",
  "pk": 28,
  "fields": {
    "key": "6",
    "title": "Sub-District",
    "field": 6,
    "order": 6
  }
},
{
  "model": "ary.methodologyoption",
  "pk": 30,
  "fields": {
    "key": "1",
    "title": "Crisis",
    "field": 5,
    "order": 1
  }
},
{
  "model": "ary.methodologyoption",
  "pk": 31,
  "fields": {
    "key": "7",
    "title": "Municipality",
    "field": 6,
    "order": 7
  }
},
{
  "model": "ary.methodologyoption",
  "pk": 32,
  "fields": {
    "key": "1",
    "title": "Crisis",
    "field": 6,
    "order": 1
  }
},
{
  "model": "ary.methodologyoption",
  "pk": 33,
  "fields": {
    "key": "3",
    "title": "Mixed",
    "field": 4,
    "order": 3
  }
},
{
  "model": "ary.methodologyoption",
  "pk": 34,
  "fields": {
    "key": "8",
    "title": "Neighborhood/Quartier",
    "field": 6,
    "order": 8
  }
},
{
  "model": "ary.methodologyoption",
  "pk": 35,
  "fields": {
    "key": "9",
    "title": "Community/Site",
    "field": 6,
    "order": 9
  }
},
{
  "model": "ary.methodologyoption",
  "pk": 36,
  "fields": {
    "key": "10",
    "title": "Affected Group",
    "field": 6,
    "order": 10
  }
},
{
  "model": "ary.methodologyoption",
  "pk": 37,
  "fields": {
    "key": "11",
    "title": "Household",
    "field": 6,
    "order": 11
  }
},
{
  "model": "ary.methodologyoption",
  "pk": 66,
  "fields": {
    "key": "12",
    "title": "Individual",
    "field": 5,
    "order": 12
  }
},
{
  "model": "ary.priorityissue",
  "pk": 1,
  "fields": {
    "template": 1,
    "title": "Access of Humanitarian Actors to Affected Populations",
    "order": 1,
    "parent": null
  }
},
{
  "model": "ary.priorityissue",
  "pk": 3,
  "fields": {
    "template": 1,
    "title": "Impediments to entry into country (bureaucratic and administrative)",
    "order": 2,
    "parent": 1
  }
},
{
  "model": "ary.priorityissue",
  "pk": 4,
  "fields": {
    "template": 1,
    "title": "Restriction of movement (impediments to freedom of movement and/or administrative restrictions)",
    "order": 3,
    "parent": 1
  }
},
{
  "model": "ary.priorityissue",
  "pk": 5,
  "fields": {
    "template": 1,
    "title": "Interference into implementation of humanitarian activities",
    "order": 4,
    "parent": 1
  }
},
{
  "model": "ary.priorityissue",
  "pk": 6,
  "fields": {
    "template": 1,
    "title": "Violence against personnel, facilities and assets",
    "order": 5,
    "parent": 1
  }
},
{
  "model": "ary.priorityissue",
  "pk": 7,
  "fields": {
    "template": 1,
    "title": "Access of People in need to Aid",
    "order": 1,
    "parent": null
  }
},
{
  "model": "ary.priorityissue",
  "pk": 8,
  "fields": {
    "template": 1,
    "title": "Denial of existence of humanitarian needs or entitlements to assistance",
    "order": 1,
    "parent": 7
  }
},
{
  "model": "ary.priorityissue",
  "pk": 9,
  "fields": {
    "template": 1,
    "title": "Restriction and obstruction of access to services and assistance",
    "order": 1,
    "parent": 7
  }
},
{
  "model": "ary.priorityissue",
  "pk": 10,
  "fields": {
    "template": 1,
    "title": "Physical and Security Constraints",
    "order": 1,
    "parent": null
  }
},
{
  "model": "ary.priorityissue",
  "pk": 11,
  "fields": {
    "template": 1,
    "title": "Ongoing insecurity/hostilities affecting humanitarian assistance",
    "order": 1,
    "parent": 10
  }
},
{
  "model": "ary.priorityissue",
  "pk": 12,
  "fields": {
    "template": 1,
    "title": "Presence of mines and improvised explosive devices",
    "order": 1,
    "parent": 10
  }
},
{
  "model": "ary.priorityissue",
  "pk": 13,
  "fields": {
    "template": 1,
    "title": "Physical constraints in the environment (obstacles related to terrain, climate, lack of infrastructure, etc.)",
    "order": 1,
    "parent": 10
  }
},
{
  "model": "ary.prioritysector",
  "pk": 1,
  "fields": {
    "template": 1,
    "title": "Food",
    "order": 1,
    "parent": null
  }
},
{
  "model": "ary.prioritysector",
  "pk": 2,
  "fields": {
    "template": 1,
    "title": "WASH",
    "order": 2,
    "parent": null
  }
},
{
  "model": "ary.prioritysector",
  "pk": 3,
  "fields": {
    "template": 1,
    "title": "Shelter",
    "order": 3,
    "parent": null
  }
},
{
  "model": "ary.prioritysector",
  "pk": 4,
  "fields": {
    "template": 1,
    "title": "Health",
    "order": 4,
    "parent": null
  }
},
{
  "model": "ary.prioritysector",
  "pk": 5,
  "fields": {
    "template": 1,
    "title": "Protection",
    "order": 5,
    "parent": null
  }
},
{
  "model": "ary.prioritysector",
  "pk": 6,
  "fields": {
    "template": 1,
    "title": "Education",
    "order": 6,
    "parent": null
  }
},
{
  "model": "ary.prioritysector",
  "pk": 7,
  "fields": {
    "template": 1,
    "title": "Livelihood",
    "order": 7,
    "parent": null
  }
},
{
  "model": "ary.scorebucket",
  "pk": 1,
  "fields": {
    "template": 1,
    "min_value": 0.0,
    "max_value": 5.0,
    "score": 1.0
  }
},
{
  "model": "ary.scorebucket",
  "pk": 2,
  "fields": {
    "template": 1,
    "min_value": 5.0,
    "max_value": 7.5,
    "score": 2.0
  }
},
{
  "model": "ary.scorebucket",
  "pk": 3,
  "fields": {
    "template": 1,
    "min_value": 7.5,
    "max_value": 10.0,
    "score": 3.0
  }
},
{
  "model": "ary.scorebucket",
  "pk": 4,
  "fields": {
    "template": 1,
    "min_value": 10.0,
    "max_value": 12.5,
    "score": 4.0
  }
},
{
  "model": "ary.scorebucket",
  "pk": 5,
  "fields": {
    "template": 1,
    "min_value": 12.5,
    "max_value": 15.0,
    "score": 5.0
  }
},
{
  "model": "ary.scorebucket",
  "pk": 6,
  "fields": {
    "template": 1,
    "min_value": 15.0,
    "max_value": 17.5,
    "score": 6.0
  }
},
{
  "model": "ary.scorebucket",
  "pk": 7,
  "fields": {
    "template": 1,
    "min_value": 17.5,
    "max_value": 20.0,
    "score": 7.0
  }
},
{
  "model": "ary.scorebucket",
  "pk": 8,
  "fields": {
    "template": 1,
    "min_value": 20.0,
    "max_value": 22.5,
    "score": 8.0
  }
},
{
  "model": "ary.scorebucket",
  "pk": 9,
  "fields": {
    "template": 1,
    "min_value": 22.5,
    "max_value": 25.0,
    "score": 9.0
  }
},
{
  "model": "ary.scorebucket",
  "pk": 10,
  "fields": {
    "template": 1,
    "min_value": 25.0,
    "max_value": 26.0,
    "score": 10.0
  }
},
{
  "model": "ary.scorematrixcolumn",
  "pk": 1,
  "fields": {
    "title": "No population figures",
    "order": 1,
    "pillar": 1
  }
},
{
  "model": "ary.scorematrixcolumn",
  "pk": 2,
  "fields": {
    "title": "Verbal qualifiers only",
    "order": 2,
    "pillar": 1
  }
},
{
  "model": "ary.scorematrixcolumn",
  "pk": 3,
  "fields": {
    "title": "Population exposed or affected",
    "order": 3,
    "pillar": 1
  }
},
{
  "model": "ary.scorematrixcolumn",
  "pk": 4,
  "fields": {
    "title": "Rough PIN estimates",
    "order": 4,
    "pillar": 1
  }
},
{
  "model": "ary.scorematrixcolumn",
  "pk": 5,
  "fields": {
    "title": "Rough PIN estimates by severity grade",
    "order": 5,
    "pillar": 1
  }
},
{
  "model": "ary.scorematrixcolumn",
  "pk": 6,
  "fields": {
    "title": "Good, representative PIN numbers",
    "order": 6,
    "pillar": 1
  }
},
{
  "model": "ary.scorematrixcolumn",
  "pk": 7,
  "fields": {
    "title": "Good, representative PIN numbers by severity grades",
    "order": 7,
    "pillar": 1
  }
},
{
  "model": "ary.scorematrixpillar",
  "pk": 1,
  "fields": {
    "template": 1,
    "title": "Analytical Density",
    "order": 1,
    "weight": 0.2
  }
},
{
  "model": "ary.scorematrixrow",
  "pk": 1,
  "fields": {
    "title": "Issues/unmet needs",
    "order": 1,
    "pillar": 1
  }
},
{
  "model": "ary.scorematrixrow",
  "pk": 2,
  "fields": {
    "title": "Issues/unmet needs and underlying factors",
    "order": 2,
    "pillar": 1
  }
},
{
  "model": "ary.scorematrixrow",
  "pk": 3,
  "fields": {
    "title": "Priority issues/unmet needs and underlying factors",
    "order": 3,
    "pillar": 1
  }
},
{
  "model": "ary.scorematrixrow",
  "pk": 4,
  "fields": {
    "title": "Priority issues/unmet needs, underlying factors and intensity/severity",
    "order": 4,
    "pillar": 1
  }
},
{
  "model": "ary.scorematrixrow",
  "pk": 5,
  "fields": {
    "title": "Priority issues/unmet needs, underlying factors, intensity/severity and operational recommendations",
    "order": 5,
    "pillar": 1
  }
},
{
  "model": "ary.scorematrixrow",
  "pk": 6,
  "fields": {
    "title": "Priority issues/unmet needs, underlying factors and intensity/severity, forecasted priority issues/unmet needs",
    "order": 6,
    "pillar": 1
  }
},
{
  "model": "ary.scorematrixrow",
  "pk": 7,
  "fields": {
    "title": "Priority issues/unmet needs, underlying factors and intensity/severity, forecasted priority issues/unmet needs, operational recommendations",
    "order": 7,
    "pillar": 1
  }
},
{
  "model": "ary.scorematrixscale",
  "pk": 1,
  "fields": {
    "pillar": 1,
    "row": 1,
    "column": 1,
    "value": 1,
    "default": true
  }
},
{
  "model": "ary.scorematrixscale",
  "pk": 2,
  "fields": {
    "pillar": 1,
    "row": 1,
    "column": 2,
    "value": 1,
    "default": false
  }
},
{
  "model": "ary.scorematrixscale",
  "pk": 3,
  "fields": {
    "pillar": 1,
    "row": 1,
    "column": 3,
    "value": 1,
    "default": false
  }
},
{
  "model": "ary.scorematrixscale",
  "pk": 4,
  "fields": {
    "pillar": 1,
    "row": 1,
    "column": 4,
    "value": 2,
    "default": false
  }
},
{
  "model": "ary.scorematrixscale",
  "pk": 5,
  "fields": {
    "pillar": 1,
    "row": 1,
    "column": 5,
    "value": 2,
    "default": false
  }
},
{
  "model": "ary.scorematrixscale",
  "pk": 6,
  "fields": {
    "pillar": 1,
    "row": 1,
    "column": 6,
    "value": 2,
    "default": false
  }
},
{
  "model": "ary.scorematrixscale",
  "pk": 7,
  "fields": {
    "pillar": 1,
    "row": 1,
    "column": 7,
    "value": 3,
    "default": false
  }
},
{
  "model": "ary.scorematrixscale",
  "pk": 8,
  "fields": {
    "pillar": 1,
    "row": 2,
    "column": 1,
    "value": 1,
    "default": false
  }
},
{
  "model": "ary.scorematrixscale",
  "pk": 9,
  "fields": {
    "pillar": 1,
    "row": 2,
    "column": 2,
    "value": 1,
    "default": false
  }
},
{
  "model": "ary.scorematrixscale",
  "pk": 10,
  "fields": {
    "pillar": 1,
    "row": 2,
    "column": 3,
    "value": 2,
    "default": false
  }
},
{
  "model": "ary.scorematrixscale",
  "pk": 11,
  "fields": {
    "pillar": 1,
    "row": 2,
    "column": 4,
    "value": 2,
    "default": false
  }
},
{
  "model": "ary.scorematrixscale",
  "pk": 12,
  "fields": {
    "pillar": 1,
    "row": 2,
    "column": 5,
    "value": 2,
    "default": false
  }
},
{
  "model": "ary.scorematrixscale",
  "pk": 13,
  "fields": {
    "pillar": 1,
    "row": 2,
    "column": 6,
    "value": 3,
    "default": false
  }
},
{
  "model": "ary.scorematrixscale",
  "pk": 14,
  "fields": {
    "pillar": 1,
    "row": 2,
    "column": 7,
    "value": 3,
    "default": false
  }
},
{
  "model": "ary.scorematrixscale",
  "pk": 15,
  "fields": {
    "pillar": 1,
    "row": 3,
    "column": 1,
    "value": 1,
    "default": false
  }
},
{
  "model": "ary.scorematrixscale",
  "pk": 16,
  "fields": {
    "pillar": 1,
    "row": 3,
    "column": 2,
    "value": 2,
    "default": false
  }
},
{
  "model": "ary.scorematrixscale",
  "pk": 17,
  "fields": {
    "pillar": 1,
    "row": 3,
    "column": 3,
    "value": 2,
    "default": false
  }
},
{
  "model": "ary.scorematrixscale",
  "pk": 18,
  "fields": {
    "pillar": 1,
    "row": 3,
    "column": 4,
    "value": 2,
    "default": false
  }
},
{
  "model": "ary.scorematrixscale",
  "pk": 19,
  "fields": {
    "pillar": 1,
    "row": 3,
    "column": 5,
    "value": 3,
    "default": false
  }
},
{
  "model": "ary.scorematrixscale",
  "pk": 20,
  "fields": {
    "pillar": 1,
    "row": 3,
    "column": 6,
    "value": 3,
    "default": false
  }
},
{
  "model": "ary.scorematrixscale",
  "pk": 21,
  "fields": {
    "pillar": 1,
    "row": 3,
    "column": 7,
    "value": 4,
    "default": false
  }
},
{
  "model": "ary.scorematrixscale",
  "pk": 22,
  "fields": {
    "pillar": 1,
    "row": 4,
    "column": 1,
    "value": 2,
    "default": false
  }
},
{
  "model": "ary.scorematrixscale",
  "pk": 23,
  "fields": {
    "pillar": 1,
    "row": 4,
    "column": 2,
    "value": 2,
    "default": false
  }
},
{
  "model": "ary.scorematrixscale",
  "pk": 24,
  "fields": {
    "pillar": 1,
    "row": 4,
    "column": 3,
    "value": 2,
    "default": false
  }
},
{
  "model": "ary.scorematrixscale",
  "pk": 25,
  "fields": {
    "pillar": 1,
    "row": 4,
    "column": 4,
    "value": 3,
    "default": false
  }
},
{
  "model": "ary.scorematrixscale",
  "pk": 26,
  "fields": {
    "pillar": 1,
    "row": 4,
    "column": 5,
    "value": 3,
    "default": false
  }
},
{
  "model": "ary.scorematrixscale",
  "pk": 27,
  "fields": {
    "pillar": 1,
    "row": 4,
    "column": 6,
    "value": 4,
    "default": false
  }
},
{
  "model": "ary.scorematrixscale",
  "pk": 28,
  "fields": {
    "pillar": 1,
    "row": 4,
    "column": 7,
    "value": 4,
    "default": false
  }
},
{
  "model": "ary.scorematrixscale",
  "pk": 29,
  "fields": {
    "pillar": 1,
    "row": 5,
    "column": 1,
    "value": 2,
    "default": false
  }
},
{
  "model": "ary.scorematrixscale",
  "pk": 30,
  "fields": {
    "pillar": 1,
    "row": 5,
    "column": 2,
    "value": 2,
    "default": false
  }
},
{
  "model": "ary.scorematrixscale",
  "pk": 31,
  "fields": {
    "pillar": 1,
    "row": 5,
    "column": 3,
    "value": 3,
    "default": false
  }
},
{
  "model": "ary.scorematrixscale",
  "pk": 32,
  "fields": {
    "pillar": 1,
    "row": 5,
    "column": 4,
    "value": 3,
    "default": false
  }
},
{
  "model": "ary.scorematrixscale",
  "pk": 33,
  "fields": {
    "pillar": 1,
    "row": 5,
    "column": 5,
    "value": 4,
    "default": false
  }
},
{
  "model": "ary.scorematrixscale",
  "pk": 34,
  "fields": {
    "pillar": 1,
    "row": 5,
    "column": 6,
    "value": 4,
    "default": false
  }
},
{
  "model": "ary.scorematrixscale",
  "pk": 35,
  "fields": {
    "pillar": 1,
    "row": 5,
    "column": 7,
    "value": 5,
    "default": false
  }
},
{
  "model": "ary.scorematrixscale",
  "pk": 36,
  "fields": {
    "pillar": 1,
    "row": 6,
    "column": 1,
    "value": 2,
    "default": false
  }
},
{
  "model": "ary.scorematrixscale",
  "pk": 37,
  "fields": {
    "pillar": 1,
    "row": 6,
    "column": 2,
    "value": 3,
    "default": false
  }
},
{
  "model": "ary.scorematrixscale",
  "pk": 38,
  "fields": {
    "pillar": 1,
    "row": 6,
    "column": 3,
    "value": 3,
    "default": false
  }
},
{
  "model": "ary.scorematrixscale",
  "pk": 39,
  "fields": {
    "pillar": 1,
    "row": 6,
    "column": 4,
    "value": 4,
    "default": false
  }
},
{
  "model": "ary.scorematrixscale",
  "pk": 40,
  "fields": {
    "pillar": 1,
    "row": 6,
    "column": 5,
    "value": 4,
    "default": false
  }
},
{
  "model": "ary.scorematrixscale",
  "pk": 41,
  "fields": {
    "pillar": 1,
    "row": 6,
    "column": 6,
    "value": 5,
    "default": false
  }
},
{
  "model": "ary.scorematrixscale",
  "pk": 42,
  "fields": {
    "pillar": 1,
    "row": 6,
    "column": 7,
    "value": 5,
    "default": false
  }
},
{
  "model": "ary.scorematrixscale",
  "pk": 43,
  "fields": {
    "pillar": 1,
    "row": 7,
    "column": 1,
    "value": 3,
    "default": false
  }
},
{
  "model": "ary.scorematrixscale",
  "pk": 44,
  "fields": {
    "pillar": 1,
    "row": 7,
    "column": 2,
    "value": 3,
    "default": false
  }
},
{
  "model": "ary.scorematrixscale",
  "pk": 45,
  "fields": {
    "pillar": 1,
    "row": 7,
    "column": 3,
    "value": 4,
    "default": false
  }
},
{
  "model": "ary.scorematrixscale",
  "pk": 46,
  "fields": {
    "pillar": 1,
    "row": 7,
    "column": 4,
    "value": 4,
    "default": false
  }
},
{
  "model": "ary.scorematrixscale",
  "pk": 47,
  "fields": {
    "pillar": 1,
    "row": 7,
    "column": 5,
    "value": 5,
    "default": false
  }
},
{
  "model": "ary.scorematrixscale",
  "pk": 48,
  "fields": {
    "pillar": 1,
    "row": 7,
    "column": 6,
    "value": 5,
    "default": false
  }
},
{
  "model": "ary.scorematrixscale",
  "pk": 49,
  "fields": {
    "pillar": 1,
    "row": 7,
    "column": 7,
    "value": 5,
    "default": false
  }
},
{
  "model": "ary.scorepillar",
  "pk": 1,
  "fields": {
    "template": 1,
    "title": "Fit for purpose",
    "order": 1,
    "weight": 0.2
  }
},
{
  "model": "ary.scorepillar",
  "pk": 2,
  "fields": {
    "template": 1,
    "title": "Trustworthiness",
    "order": 2,
    "weight": 0.2
  }
},
{
  "model": "ary.scorepillar",
  "pk": 3,
  "fields": {
    "template": 1,
    "title": "Analytical rigor",
    "order": 3,
    "weight": 0.2
  }
},
{
  "model": "ary.scorepillar",
  "pk": 4,
  "fields": {
    "template": 1,
    "title": "Analytical writing",
    "order": 4,
    "weight": 0.2
  }
},
{
  "model": "ary.scorequestion",
  "pk": 1,
  "fields": {
    "title": "Relevance",
    "order": 1,
    "pillar": 1,
    "description": "Results answers the original research questions or objectives, bring new or additional information and fill previous information gaps"
  }
},
{
  "model": "ary.scorequestion",
  "pk": 2,
  "fields": {
    "title": "Comprehensiveness",
    "order": 2,
    "pillar": 1,
    "description": "Results cover all affected geographical areas, groups, and sectors"
  }
},
{
  "model": "ary.scorequestion",
  "pk": 3,
  "fields": {
    "title": "Timeliness",
    "order": 2,
    "pillar": 1,
    "description": "Results were available on time to inform decision-making"
  }
},
{
  "model": "ary.scorequestion",
  "pk": 4,
  "fields": {
    "title": "Granularity",
    "order": 3,
    "pillar": 1,
    "description": "Results are available at least for two levels of breakdown (sector/sub-sector, Admin2/3, Affected groups level 2/3, etc.) and are broken down by relevant categories of analysis (sex, age, urban/rural, Conflict/no conflict, etc.)"
  }
},
{
  "model": "ary.scorequestion",
  "pk": 5,
  "fields": {
    "title": "Comparability",
    "order": 4,
    "pillar": 1,
    "description": "Results uses or contributes to Common Operational Datasets"
  }
},
{
  "model": "ary.scorequestion",
  "pk": 6,
  "fields": {
    "title": "Source reliability",
    "order": 1,
    "pillar": 2,
    "description": "Authors of the reports are reliable (Track record for accuracy, technical expertise, motive for bias)"
  }
},
{
  "model": "ary.scorequestion",
  "pk": 7,
  "fields": {
    "title": "Methods",
    "order": 2,
    "pillar": 2,
    "description": "Methodology used is following golden standards/official guidelines and uses an analysis framework and plan"
  }
},
{
  "model": "ary.scorequestion",
  "pk": 8,
  "fields": {
    "title": "Triangulation",
    "order": 3,
    "pillar": 2,
    "description": "Efforts were made to use different methods and independent sources and triangulate results"
  }
},
{
  "model": "ary.scorequestion",
  "pk": 9,
  "fields": {
    "title": "Plausibility",
    "order": 4,
    "pillar": 2,
    "description": "Results are plausible, logical in context"
  }
},
{
  "model": "ary.scorequestion",
  "pk": 10,
  "fields": {
    "title": "Inclusiveness",
    "order": 5,
    "pillar": 2,
    "description": "Opinions from population and assessment teams were captured and contrasted"
  }
},
{
  "model": "ary.scorequestion",
  "pk": 11,
  "fields": {
    "title": "Assumptions",
    "order": 1,
    "pillar": 3,
    "description": "Key assumptions, information gaps, and alternative explanations or inconsistencies are identified, clearly communicated and caveated"
  }
},
{
  "model": "ary.scorequestion",
  "pk": 12,
  "fields": {
    "title": "Corroboration",
    "order": 2,
    "pillar": 3,
    "description": "Results are corroborated and convergent across different independent sources"
  }
},
{
  "model": "ary.scorequestion",
  "pk": 13,
  "fields": {
    "title": "Structured Analytical Techniques",
    "order": 3,
    "pillar": 3,
    "description": "At least one structured analytical technique was used for each analytical level"
  }
},
{
  "model": "ary.scorequestion",
  "pk": 14,
  "fields": {
    "title": "Consensus",
    "order": 4,
    "pillar": 3,
    "description": "Subject matter experts agree with the findings and results of the assessment"
  }
},
{
  "model": "ary.scorequestion",
  "pk": 15,
  "fields": {
    "title": "Reproducibility",
    "order": 5,
    "pillar": 3,
    "description": "Data and methods are accessible and documented enough to allow reproducibility and further analysis if required"
  }
},
{
  "model": "ary.scorequestion",
  "pk": 16,
  "fields": {
    "title": "Clearly articulated results",
    "order": 1,
    "pillar": 4,
    "description": "Results are articulated using a clear line of analysis and \u201cBottom Line Up Front\u201d"
  }
},
{
  "model": "ary.scorequestion",
  "pk": 17,
  "fields": {
    "title": "Levels of confidence",
    "order": 2,
    "pillar": 4,
    "description": "Levels of confidence in estimates are available as well as reasons for uncertainty"
  }
},
{
  "model": "ary.scorequestion",
  "pk": 18,
  "fields": {
    "title": "Illustrations",
    "order": 3,
    "pillar": 4,
    "description": "Charts, tables, and maps are used to illustrate results in a compelling and efficient way"
  }
},
{
  "model": "ary.scorequestion",
  "pk": 19,
  "fields": {
    "title": "Sourced data and evidence",
    "order": 4,
    "pillar": 4,
    "description": "Data, evidence, and tools supporting judgments are available, documented and clearly sourced"
  }
},
{
  "model": "ary.scorequestion",
  "pk": 20,
  "fields": {
    "title": "Clearly stated outliers",
    "order": 4,
    "pillar": 4,
    "description": "Contrary information, outliers or inconsistencies not consistent with the line of analysis are clearly highlighted and communicated"
  }
},
{
  "model": "ary.scorequestionnaire",
  "pk": 1,
  "fields": {
    "order": 1,
    "text": "The HNO builds on a thorough mapping of existing needs assessments (assessment registry).",
    "required": true,
    "sub_sector": 1
  }
},
{
  "model": "ary.scorequestionnaire",
  "pk": 2,
  "fields": {
    "order": 1,
    "text": "The HNO covers all areas affected by the crisis.",
    "required": true,
    "sub_sector": 2
  }
},
{
  "model": "ary.scorequestionnaire",
  "pk": 3,
  "fields": {
    "order": 2,
    "text": "Within the affected areas, HNO results are broken down at least to administrative level 2 (district).",
    "required": false,
    "sub_sector": 2
  }
},
{
  "model": "ary.scorequestionnaire",
  "pk": 4,
  "fields": {
    "order": 1,
    "text": "The HNO covers all relevant humanitarian sectors.",
    "required": true,
    "sub_sector": 3
  }
},
{
  "model": "ary.scorequestionnaire",
  "pk": 5,
  "fields": {
    "order": 2,
    "text": "Within sectors/clusters, the HNO covers all relevant sub-sectors/areas of responsibility.",
    "required": true,
    "sub_sector": 3
  }
},
{
  "model": "ary.scorequestionnaire",
  "pk": 6,
  "fields": {
    "order": 3,
    "text": "The HNO includes an inter-sectoral analysis.",
    "required": true,
    "sub_sector": 3
  }
},
{
  "model": "ary.scorequestionnaire",
  "pk": 7,
  "fields": {
    "order": 4,
    "text": "The analysis for each sector considers gender and protection issues.",
    "required": true,
    "sub_sector": 3
  }
},
{
  "model": "ary.scorequestionnaire",
  "pk": 8,
  "fields": {
    "order": 5,
    "text": "The HNO addresses other cross-cutting issues (e.g. age, disability, the environment, early recovery, and HIV/AIDS) where they are relevant.",
    "required": true,
    "sub_sector": 3
  }
},
{
  "model": "ary.scorequestionnaire",
  "pk": 9,
  "fields": {
    "order": 1,
    "text": "The HNO covers all relevant affected groups (e.g. displaced and non-displaced affected people, casualties. See IMWG 2016 support package to the humanitarian profile).",
    "required": true,
    "sub_sector": 4
  }
},
{
  "model": "ary.scorequestionnaire",
  "pk": 10,
  "fields": {
    "order": 2,
    "text": "Within affected groups, HNO results are broken down at least at level 3 of the humanitarian profile (i.e. distinguishing between dead, injured, missing, host and non-host communities, IDPs, refugees/asylum seekers, returnees and others of concern).",
    "required": true,
    "sub_sector": 4
  }
},
{
  "model": "ary.scorequestionnaire",
  "pk": 11,
  "fields": {
    "order": 3,
    "text": "The HNO indicates which groups are particularly vulnerable in the given context (e.g. women, elderly, children, people with disabilities, minorities, etc.)",
    "required": false,
    "sub_sector": 4
  }
},
{
  "model": "ary.scorequestionnaire",
  "pk": 12,
  "fields": {
    "order": 4,
    "text": "Results for relevant indicators are disaggregated by the vulnerable groups identified as per the previous criterion.",
    "required": false,
    "sub_sector": 4
  }
},
{
  "model": "ary.scorequestionnaire",
  "pk": 13,
  "fields": {
    "order": 5,
    "text": "The HNO identifies relevant distinctions within vulnerable groups (e.g. different types of disabilities, different age groups within gender groups, different gender groups within minority groups, etc.).",
    "required": false,
    "sub_sector": 4
  }
},
{
  "model": "ary.scorequestionnaire",
  "pk": 14,
  "fields": {
    "order": 1,
    "text": "The HNO is transparent about the number, types, dates and locations of the needs assessments used for the analysis.",
    "required": true,
    "sub_sector": 5
  }
},
{
  "model": "ary.scorequestionnaire",
  "pk": 15,
  "fields": {
    "order": 2,
    "text": "The HNO assess the comprehensiveness and reliability of the information used for the analysis and is transparent about limitations and information gaps and their impact on key conclusions.",
    "required": true,
    "sub_sector": 5
  }
},
{
  "model": "ary.scorequestionnaire",
  "pk": 16,
  "fields": {
    "order": 3,
    "text": "The HNO indicates sources or references for key findings, data and graphs.",
    "required": true,
    "sub_sector": 5
  }
},
{
  "model": "ary.scorequestionnaire",
  "pk": 17,
  "fields": {
    "order": 4,
    "text": "The HNO is transparent about the methods used for calculating key humanitarian population figures and the severity of needs.",
    "required": true,
    "sub_sector": 5
  }
},
{
  "model": "ary.scorequestionnaire",
  "pk": 18,
  "fields": {
    "order": 5,
    "text": "The HNO specifies probabilities, confidence levels and uncertainty attached to key findings, humanitarian population figures or conclusions.",
    "required": false,
    "sub_sector": 5
  }
},
{
  "model": "ary.scorequestionnaire",
  "pk": 19,
  "fields": {
    "order": 1,
    "text": "Information used for calculating humanitarian population figures is based on representative surveys, involving randomly selected respondents.",
    "required": false,
    "sub_sector": 6
  }
},
{
  "model": "ary.scorequestionnaire",
  "pk": 20,
  "fields": {
    "order": 2,
    "text": "Survey data used for calculating humanitarian population figures are at most three months old.",
    "required": false,
    "sub_sector": 6
  }
},
{
  "model": "ary.scorequestionnaire",
  "pk": 21,
  "fields": {
    "order": 3,
    "text": "Different analytical lenses, such as gender, age, disability, and protection, are applied during the analysis.",
    "required": false,
    "sub_sector": 6
  }
},
{
  "model": "ary.scorequestionnaire",
  "pk": 22,
  "fields": {
    "order": 4,
    "text": "The HNO team includes international and national members and is mixed in terms of institutional backgrounds, disciplines, and gender.",
    "required": false,
    "sub_sector": 6
  }
},
{
  "model": "ary.scorequestionnaire",
  "pk": 23,
  "fields": {
    "order": 1,
    "text": "The HNO reports which humanitarian needs affected people and/or their representatives consider priority.",
    "required": true,
    "sub_sector": 7
  }
},
{
  "model": "ary.scorequestionnaire",
  "pk": 24,
  "fields": {
    "order": 2,
    "text": "The HNO builds on information collected directly from the affected population rather than only via their representatives or sectoral experts in each key sector.",
    "required": false,
    "sub_sector": 7
  }
},
{
  "model": "ary.scorequestionnaire",
  "pk": 25,
  "fields": {
    "order": 3,
    "text": "The HNO makes explicit whether there are differences between priorities expressed by men and women for each sector.",
    "required": false,
    "sub_sector": 7
  }
},
{
  "model": "ary.scorequestionnaire",
  "pk": 26,
  "fields": {
    "order": 4,
    "text": "The HNO establishes which issues different vulnerable groups, including people with disabilities and other potentially marginalized and discriminated groups, see as priorities.",
    "required": false,
    "sub_sector": 7
  }
},
{
  "model": "ary.scorequestionnaire",
  "pk": 27,
  "fields": {
    "order": 1,
    "text": "The HNO analysis is guided by a jointly agreed analytical framework, including a theoretical framework, a data collection and an analysis plan.",
    "required": true,
    "sub_sector": 8
  }
},
{
  "model": "ary.scorequestionnaire",
  "pk": 28,
  "fields": {
    "order": 2,
    "text": "The HNO states whether there are any evidence-based alternative views, contrary information or dissenting explanations or interpretations.",
    "required": false,
    "sub_sector": 8
  }
},
{
  "model": "ary.scorequestionnaire",
  "pk": 29,
  "fields": {
    "order": 3,
    "text": "The HNO makes assumptions explicit.",
    "required": false,
    "sub_sector": 8
  }
},
{
  "model": "ary.scorequestionnaire",
  "pk": 30,
  "fields": {
    "order": 1,
    "text": "The HNO identifies key issues affecting people at sector and intersector level, including\u00a0protection risks.",
    "required": true,
    "sub_sector": 9
  }
},
{
  "model": "ary.scorequestionnaire",
  "pk": 31,
  "fields": {
    "order": 2,
    "text": "The HNO establishes the humanitarian profile of the crisis (types of affected groups and numbers). \nSee IMWG 2016 Support package to the humanitarian profile",
    "required": true,
    "sub_sector": 9
  }
},
{
  "model": "ary.scorequestionnaire",
  "pk": 32,
  "fields": {
    "order": 3,
    "text": "The HNO identifies what coping mechanisms affected people use to deal with the key crisis-related issues affecting them for each sector.",
    "required": true,
    "sub_sector": 9
  }
},
{
  "model": "ary.scorequestionnaire",
  "pk": 33,
  "fields": {
    "order": 4,
    "text": "The HNO identifies the capacities of affected people and local authorities to cope with and respond to the crisis for each sector.",
    "required": false,
    "sub_sector": 9
  }
},
{
  "model": "ary.scorequestionnaire",
  "pk": 34,
  "fields": {
    "order": 5,
    "text": "The HNO identifies the scope and reach of existing humanitarian assistance.",
    "required": false,
    "sub_sector": 9
  }
},
{
  "model": "ary.scorequestionnaire",
  "pk": 35,
  "fields": {
    "order": 6,
    "text": "The HNO identifies the information needs and communication preferences of affected communities.",
    "required": false,
    "sub_sector": 9
  }
},
{
  "model": "ary.scorequestionnaire",
  "pk": 36,
  "fields": {
    "order": 7,
    "text": "The HNO uses earlier data to establish trends or evolutions in the humanitarian situation at sector and intersector level and - where applicable - to compare current findings to the situation before the crisis.",
    "required": false,
    "sub_sector": 9
  }
},
{
  "model": "ary.scorequestionnaire",
  "pk": 37,
  "fields": {
    "order": 8,
    "text": "The HNO identifies humanitarian access constraints, including obstacles for people in need in accessing assistance, constraints for humanitarian actors to access people in need and physical constraints.",
    "required": true,
    "sub_sector": 9
  }
},
{
  "model": "ary.scorequestionnaire",
  "pk": 38,
  "fields": {
    "order": 1,
    "text": "The HNO identifies driver(s) and underlying factors of the main humanitarian issues at sector and intersector level.",
    "required": true,
    "sub_sector": 10
  }
},
{
  "model": "ary.scorequestionnaire",
  "pk": 39,
  "fields": {
    "order": 1,
    "text": "The HNO estimates and compares the number of people in need per sector or thematic area and disaggregates results by severity class. --> See 2016 IMWG Humanitarian population figures",
    "required": true,
    "sub_sector": 11
  }
},
{
  "model": "ary.scorequestionnaire",
  "pk": 40,
  "fields": {
    "order": 2,
    "text": "The HNO estimates and compares the number of people in need by geographical area and disaggregates results by severity class. --> See 2016 IMWG Humanitarian population figures",
    "required": true,
    "sub_sector": 11
  }
},
{
  "model": "ary.scorequestionnaire",
  "pk": 41,
  "fields": {
    "order": 3,
    "text": "The HNO estimates and compares the number of people in need by affected group and disaggregates results by severity class.--> See 2016 IMWG Humanitarian population figures",
    "required": true,
    "sub_sector": 11
  }
},
{
  "model": "ary.scorequestionnaire",
  "pk": 42,
  "fields": {
    "order": 4,
    "text": "The HNO estimates the overall number of people in need at inter-sector level and disaggregates results by severity class. --> See 2016 IMWG Humanitarian population figures",
    "required": true,
    "sub_sector": 11
  }
},
{
  "model": "ary.scorequestionnaire",
  "pk": 43,
  "fields": {
    "order": 1,
    "text": "The HNO includes a projection of likely future humanitarian needs.",
    "required": true,
    "sub_sector": 12
  }
},
{
  "model": "ary.scorequestionnaire",
  "pk": 44,
  "fields": {
    "order": 1,
    "text": "Preliminary or final results are shared with response planners in advance of the response analysis and the planning/decision-making process.",
    "required": true,
    "sub_sector": 13
  }
},
{
  "model": "ary.scorequestionnaire",
  "pk": 45,
  "fields": {
    "order": 1,
    "text": "The HNO report includes an overview map and an executive summary of the main needs and key humanitarian population figures.",
    "required": false,
    "sub_sector": 14
  }
},
{
  "model": "ary.scorequestionnaire",
  "pk": 46,
  "fields": {
    "order": 2,
    "text": "The report has a table of contents, is written in plain language and follows a logical structure.",
    "required": false,
    "sub_sector": 14
  }
},
{
  "model": "ary.scorequestionnaire",
  "pk": 47,
  "fields": {
    "order": 3,
    "text": "Conclusions are presented clearly and concisely and supported by evidence and well-reasoned arguments.",
    "required": false,
    "sub_sector": 14
  }
},
{
  "model": "ary.scorequestionnaire",
  "pk": 48,
  "fields": {
    "order": 4,
    "text": "Appropriate and effective visualizations (e.g. charts, maps, infographics) are used to illustrate the findings and support key conclusions.",
    "required": false,
    "sub_sector": 14
  }
},
{
  "model": "ary.scorequestionnaire",
  "pk": 49,
  "fields": {
    "order": 1,
    "text": "The HNO report and the data are accessible on the most common humanitarian information platforms (e.g. HR.info, Reliefweb, HDX, UNHCR operational portal, cluster websites, etc.).",
    "required": true,
    "sub_sector": 15
  }
},
{
  "model": "ary.scorequestionnaire",
  "pk": 50,
  "fields": {
    "order": 2,
    "text": "HNO results were presented to key actors and relevant decision-making fora at national and local level.",
    "required": false,
    "sub_sector": 15
  }
},
{
  "model": "ary.scorequestionnaire",
  "pk": 51,
  "fields": {
    "order": 3,
    "text": "The HNO report has been translated into local languages so that local and national actors and affected people can use it.",
    "required": false,
    "sub_sector": 15
  }
},
{
  "model": "ary.scorequestionnaire",
  "pk": 52,
  "fields": {
    "order": 1,
    "text": "The Humanitarian Response Plan / appeal references the HNO.",
    "required": false,
    "sub_sector": 16
  }
},
{
  "model": "ary.scorequestionnaire",
  "pk": 53,
  "fields": {
    "order": 2,
    "text": "The Humanitarian Response Plan / appeal reflects the geographic priorities suggested by the HNO.",
    "required": false,
    "sub_sector": 16
  }
},
{
  "model": "ary.scorequestionnaire",
  "pk": 54,
  "fields": {
    "order": 3,
    "text": "The Humanitarian Response Plan / appeal reflects the thematic and sectoral priorities suggested by the HNO.",
    "required": false,
    "sub_sector": 16
  }
},
{
  "model": "ary.scorequestionnaire",
  "pk": 55,
  "fields": {
    "order": 4,
    "text": "The Humanitarian Response Plan / appeal reflects the priorities between different affected and vulnerable groups suggested by the HNO.",
    "required": false,
    "sub_sector": 16
  }
},
{
  "model": "ary.scorequestionnaire",
  "pk": 56,
  "fields": {
    "order": 5,
    "text": "At the end of the HNO, partners review the assessment process, methodology and tools to identify lessons and improve assessment preparedness in-country and joint assessment practice in general.",
    "required": false,
    "sub_sector": 16
  }
},
{
  "model": "ary.scorequestionnaire",
  "pk": 57,
  "fields": {
    "order": 1,
    "text": "A majority of interviewed cluster/sector representatives perceives the HNO as useful.",
    "required": false,
    "sub_sector": 17
  }
},
{
  "model": "ary.scorequestionnaire",
  "pk": 58,
  "fields": {
    "order": 2,
    "text": "A majority of interviewed cluster/sector representatives perceives the HNO as unbiased.",
    "required": false,
    "sub_sector": 17
  }
},
{
  "model": "ary.scorequestionnaire",
  "pk": 59,
  "fields": {
    "order": 3,
    "text": "Planning documents of a majority of consulted clusters/sectors reflect the geographic priorities suggested by the HNO.",
    "required": false,
    "sub_sector": 17
  }
},
{
  "model": "ary.scorequestionnaire",
  "pk": 60,
  "fields": {
    "order": 4,
    "text": "Planning documents of a majority of consulted clusters/sectors reflect the thematic and sectoral priorities suggested by the HNO.",
    "required": false,
    "sub_sector": 17
  }
},
{
  "model": "ary.scorequestionnaire",
  "pk": 61,
  "fields": {
    "order": 5,
    "text": "Planning documents of a majority of consulted clusters/sectors reflect the priorities between affected and vulnerable groups suggested by the HNO.",
    "required": false,
    "sub_sector": 17
  }
},
{
  "model": "ary.scorequestionnaire",
  "pk": 62,
  "fields": {
    "order": 1,
    "text": "A majority of interviewed UN agencies perceives the HNO as useful.",
    "required": false,
    "sub_sector": 18
  }
},
{
  "model": "ary.scorequestionnaire",
  "pk": 63,
  "fields": {
    "order": 2,
    "text": "A majority of interviewed UN agencies perceives the HNO as unbiased.",
    "required": false,
    "sub_sector": 18
  }
},
{
  "model": "ary.scorequestionnaire",
  "pk": 64,
  "fields": {
    "order": 3,
    "text": "Planning documents of a majority of interviewed UN agencies reflect the geographic priorities suggested by the HNO.",
    "required": false,
    "sub_sector": 18
  }
},
{
  "model": "ary.scorequestionnaire",
  "pk": 65,
  "fields": {
    "order": 4,
    "text": "Planning documents of a majority of interviewed UN agencies reflect the priorities between humanitarian sectors and sub-sectors suggested by the HNO.",
    "required": false,
    "sub_sector": 18
  }
},
{
  "model": "ary.scorequestionnaire",
  "pk": 66,
  "fields": {
    "order": 5,
    "text": "Planning documents of a majority of interviewed UN agencies reflect the priorities between affected and vulnerable groups suggested by the HNO.",
    "required": false,
    "sub_sector": 18
  }
},
{
  "model": "ary.scorequestionnaire",
  "pk": 67,
  "fields": {
    "order": 1,
    "text": "A majority of interviewed INGOs perceives the HNO as useful.",
    "required": false,
    "sub_sector": 19
  }
},
{
  "model": "ary.scorequestionnaire",
  "pk": 68,
  "fields": {
    "order": 2,
    "text": "A majority of interviewed INGOs perceives the HNO as unbiased.",
    "required": false,
    "sub_sector": 19
  }
},
{
  "model": "ary.scorequestionnaire",
  "pk": 69,
  "fields": {
    "order": 3,
    "text": "Planning documents of a majority of interviewed INGOs reflect the geographic priorities suggested by the HNO.",
    "required": false,
    "sub_sector": 19
  }
},
{
  "model": "ary.scorequestionnaire",
  "pk": 70,
  "fields": {
    "order": 4,
    "text": "Planning documents of a majority of interviewed INGOs reflect the priorities between humanitarian sectors and sub-sectors suggested by the HNO.",
    "required": false,
    "sub_sector": 19
  }
},
{
  "model": "ary.scorequestionnaire",
  "pk": 71,
  "fields": {
    "order": 5,
    "text": "Planning documents of a majority of interviewed INGOs reflect the priorities between affected and vulnerable groups suggested by the HNO.",
    "required": false,
    "sub_sector": 19
  }
},
{
  "model": "ary.scorequestionnaire",
  "pk": 72,
  "fields": {
    "order": 1,
    "text": "A majority of interviewed local NGOs perceives the HNO as useful.",
    "required": false,
    "sub_sector": 20
  }
},
{
  "model": "ary.scorequestionnaire",
  "pk": 73,
  "fields": {
    "order": 2,
    "text": "A majority of interviewed local NGOs perceives the HNO as unbiased.",
    "required": false,
    "sub_sector": 20
  }
},
{
  "model": "ary.scorequestionnaire",
  "pk": 74,
  "fields": {
    "order": 3,
    "text": "Planning documents of a majority of interviewed local NGOs reflect the geographic priorities suggested by the HNO.",
    "required": false,
    "sub_sector": 20
  }
},
{
  "model": "ary.scorequestionnaire",
  "pk": 75,
  "fields": {
    "order": 4,
    "text": "Planning documents of a majority of interviewed local NGOs reflect the priorities between humanitarian sectors and sub-sectors suggested by the HNO.",
    "required": false,
    "sub_sector": 20
  }
},
{
  "model": "ary.scorequestionnaire",
  "pk": 76,
  "fields": {
    "order": 5,
    "text": "Planning documents of a majority of interviewed local NGOs reflect the priorities between affected and vulnerable groups suggested by the HNO.",
    "required": false,
    "sub_sector": 20
  }
},
{
  "model": "ary.scorequestionnaire",
  "pk": 77,
  "fields": {
    "order": 1,
    "text": "A majority of interviewed Red Cross/Red Crescent representatives perceives the HNO as useful.",
    "required": false,
    "sub_sector": 21
  }
},
{
  "model": "ary.scorequestionnaire",
  "pk": 78,
  "fields": {
    "order": 2,
    "text": "A majority of interviewed Red Cross/Red Crescent representatives perceives the HNO as unbiased.",
    "required": false,
    "sub_sector": 21
  }
},
{
  "model": "ary.scorequestionnaire",
  "pk": 79,
  "fields": {
    "order": 3,
    "text": "Planning documents of a majority of consulted Red Cross/Red Crescent organizations reflect the geographic priorities suggested by the HNO.",
    "required": false,
    "sub_sector": 21
  }
},
{
  "model": "ary.scorequestionnaire",
  "pk": 80,
  "fields": {
    "order": 4,
    "text": "Planning documents of a majority of consulted Red Cross/Red Crescent organizations reflect the priorities between humanitarian sectors and sub-sectors suggested by the HNO.",
    "required": false,
    "sub_sector": 21
  }
},
{
  "model": "ary.scorequestionnaire",
  "pk": 81,
  "fields": {
    "order": 5,
    "text": "Planning documents of a majority of consulted Red Cross/Red Crescent organizations reflect the priorities between affected and vulnerable groups suggested by the HNO.",
    "required": false,
    "sub_sector": 21
  }
},
{
  "model": "ary.scorequestionnaire",
  "pk": 82,
  "fields": {
    "order": 1,
    "text": "A majority of interviewed donor representatives perceives the HNO as useful.",
    "required": false,
    "sub_sector": 22
  }
},
{
  "model": "ary.scorequestionnaire",
  "pk": 83,
  "fields": {
    "order": 2,
    "text": "A majority of interviewed donor representatives perceives the HNO as unbiased.",
    "required": false,
    "sub_sector": 22
  }
},
{
  "model": "ary.scorequestionnaire",
  "pk": 84,
  "fields": {
    "order": 3,
    "text": "Planning documents of a majority of consulted donors reflect the geographic priorities suggested by the HNO.",
    "required": false,
    "sub_sector": 22
  }
},
{
  "model": "ary.scorequestionnaire",
  "pk": 85,
  "fields": {
    "order": 4,
    "text": "Planning documents of a majority of consulted donors reflect the priorities between humanitarian sectors and sub-sectors suggested by the HNO.",
    "required": false,
    "sub_sector": 22
  }
},
{
  "model": "ary.scorequestionnaire",
  "pk": 86,
  "fields": {
    "order": 5,
    "text": "Planning documents of a majority of consulted donors reflect the priorities between affected and vulnerable groups suggested by the HNO.",
    "required": false,
    "sub_sector": 22
  }
},
{
  "model": "ary.scorequestionnaire",
  "pk": 87,
  "fields": {
    "order": 1,
    "text": "A majority of interviewed government representatives perceives the HNO as useful.",
    "required": false,
    "sub_sector": 23
  }
},
{
  "model": "ary.scorequestionnaire",
  "pk": 88,
  "fields": {
    "order": 2,
    "text": "A majority of interviewed government representatives perceives the HNO as unbiased.",
    "required": false,
    "sub_sector": 23
  }
},
{
  "model": "ary.scorequestionnaire",
  "pk": 89,
  "fields": {
    "order": 3,
    "text": "Government plans for the humanitarian response reflect the geographic priorities suggested by the HNO.",
    "required": false,
    "sub_sector": 23
  }
},
{
  "model": "ary.scorequestionnaire",
  "pk": 90,
  "fields": {
    "order": 4,
    "text": "Government plans for the humanitarian response reflect the priorities between humanitarian sectors and sub-sectors suggested by the HNO.",
    "required": false,
    "sub_sector": 23
  }
},
{
  "model": "ary.scorequestionnaire",
  "pk": 91,
  "fields": {
    "order": 5,
    "text": "Government plans for the humanitarian response reflect the priorities between affected and vulnerable groups suggested by the HNO.",
    "required": false,
    "sub_sector": 23
  }
},
{
  "model": "ary.scorequestionnaire",
  "pk": 92,
  "fields": {
    "order": 1,
    "text": "A majority of interviewed development and stabilization actors is aware of the HNO.",
    "required": false,
    "sub_sector": 24
  }
},
{
  "model": "ary.scorequestionnaire",
  "pk": 93,
  "fields": {
    "order": 2,
    "text": "A majority of interviewed development and stabilization actors perceives the HNO as useful.",
    "required": false,
    "sub_sector": 24
  }
},
{
  "model": "ary.scorequestionnaire",
  "pk": 94,
  "fields": {
    "order": 3,
    "text": "A majority of interviewed development and stabilization actors perceives the HNO as unbiased.",
    "required": false,
    "sub_sector": 24
  }
},
{
  "model": "ary.scorequestionnaire",
  "pk": 95,
  "fields": {
    "order": 4,
    "text": "A majority of interviewed development and stabilization actors states that they have considered HNO findings in their planning processes.",
    "required": false,
    "sub_sector": 24
  }
},
{
  "model": "ary.scorequestionnaire",
  "pk": 96,
  "fields": {
    "order": 1,
    "text": "The HNO covers all relevant affected groups (e.g. displaced and non-displaced affected people, casualties. See IMWG 2016 support package to the humanitarian profile).",
    "required": false,
    "sub_sector": 25
  }
},
{
  "model": "ary.scorequestionnaire",
  "pk": 97,
  "fields": {
    "order": 2,
    "text": "Within affected groups, HNO results are broken down at least at level 3 of the humanitarian profile (i.e. distinguishing between dead, injured, missing, host and non-host communities, IDPs, refugees/asylum seekers, returnees and others of concern).",
    "required": false,
    "sub_sector": 25
  }
},
{
  "model": "ary.scorequestionnaire",
  "pk": 98,
  "fields": {
    "order": 3,
    "text": "The HNO indicates which groups are particularly vulnerable in the given context (e.g. women, elderly, children, people with disabilities, minorities, etc.)",
    "required": false,
    "sub_sector": 25
  }
},
{
  "model": "ary.scorequestionnaire",
  "pk": 99,
  "fields": {
    "order": 4,
    "text": "Results for relevant indicators are disaggregated by the vulnerable groups identified as per the previous criterion.",
    "required": false,
    "sub_sector": 25
  }
},
{
  "model": "ary.scorequestionnaire",
  "pk": 100,
  "fields": {
    "order": 5,
    "text": "The HNO identifies relevant distinctions within vulnerable groups (e.g. different types of disabilities, different age groups within gender groups, different gender groups within minority groups, etc.).",
    "required": false,
    "sub_sector": 25
  }
},
{
  "model": "ary.scorequestionnaire",
  "pk": 101,
  "fields": {
    "order": 1,
    "text": "The HNO builds on information collected directly from the affected population rather than only via their representatives or sectoral experts in each key sector.",
    "required": false,
    "sub_sector": 26
  }
},
{
  "model": "ary.scorequestionnaire",
  "pk": 102,
  "fields": {
    "order": 2,
    "text": "The HNO makes explicit whether there are differences between priorities expressed by men and women for each sector.",
    "required": false,
    "sub_sector": 26
  }
},
{
  "model": "ary.scorequestionnaire",
  "pk": 103,
  "fields": {
    "order": 3,
    "text": "The HNO establishes which issues different vulnerable groups, including people with disabilities and other potentially marginalized and discriminated groups, see as priorities.",
    "required": false,
    "sub_sector": 26
  }
},
{
  "model": "ary.scorequestionnaire",
  "pk": 104,
  "fields": {
    "order": 1,
    "text": "The HNO reports which humanitarian needs affected people and/or their representatives consider priority.",
    "required": false,
    "sub_sector": 27
  }
},
{
  "model": "ary.scorequestionnaire",
  "pk": 105,
  "fields": {
    "order": 1,
    "text": "The HNO identifies key issues affecting people at sector and intersector level, including\u00a0protection risks.",
    "required": false,
    "sub_sector": 28
  }
},
{
  "model": "ary.scorequestionnaire",
  "pk": 106,
  "fields": {
    "order": 2,
    "text": "The HNO establishes the humanitarian profile of the crisis (types of affected groups and numbers). \nSee IMWG 2016 Support package to the humanitarian profile",
    "required": false,
    "sub_sector": 28
  }
},
{
  "model": "ary.scorequestionnaire",
  "pk": 107,
  "fields": {
    "order": 3,
    "text": "The HNO identifies what coping mechanisms affected people use to deal with the key crisis-related issues affecting them for each sector.",
    "required": false,
    "sub_sector": 28
  }
},
{
  "model": "ary.scorequestionnaire",
  "pk": 108,
  "fields": {
    "order": 4,
    "text": "The HNO identifies the capacities of affected people and local authorities to cope with and respond to the crisis for each sector.",
    "required": false,
    "sub_sector": 28
  }
},
{
  "model": "ary.scorequestionnaire",
  "pk": 109,
  "fields": {
    "order": 5,
    "text": "The HNO identifies the information needs and communication preferences of affected communities.",
    "required": false,
    "sub_sector": 28
  }
},
{
  "model": "ary.scorequestionnaire",
  "pk": 110,
  "fields": {
    "order": 6,
    "text": "The HNO identifies humanitarian access constraints, including obstacles for people in need in accessing assistance, constraints for humanitarian actors to access people in need and physical constraints.",
    "required": false,
    "sub_sector": 28
  }
},
{
  "model": "ary.scorequestionnaire",
  "pk": 111,
  "fields": {
    "order": 1,
    "text": "The HNO report has been translated into local languages so that local and national actors and affected people can use it.",
    "required": false,
    "sub_sector": 29
  }
},
{
  "model": "ary.scorequestionnaire",
  "pk": 112,
  "fields": {
    "order": 1,
    "text": "Information used for calculating humanitarian population figures is based on representative surveys, involving randomly selected respondents.",
    "required": false,
    "sub_sector": 30
  }
},
{
  "model": "ary.scorequestionnaire",
  "pk": 113,
  "fields": {
    "order": 2,
    "text": "Survey data used for calculating humanitarian population figures are at most three months old.",
    "required": false,
    "sub_sector": 30
  }
},
{
  "model": "ary.scorequestionnaire",
  "pk": 114,
  "fields": {
    "order": 3,
    "text": "Different analytical lenses, such as gender, age, disability, and protection, are applied during the analysis.",
    "required": false,
    "sub_sector": 30
  }
},
{
  "model": "ary.scorequestionnaire",
  "pk": 115,
  "fields": {
    "order": 4,
    "text": "The HNO team includes international and national members and is mixed in terms of institutional backgrounds, disciplines, and gender.",
    "required": false,
    "sub_sector": 30
  }
},
{
  "model": "ary.scorequestionnaire",
  "pk": 116,
  "fields": {
    "order": 1,
    "text": "The HNO analysis is guided by a jointly agreed analytical framework, including a theoretical framework, a data collection and an analysis plan.",
    "required": false,
    "sub_sector": 31
  }
},
{
  "model": "ary.scorequestionnaire",
  "pk": 117,
  "fields": {
    "order": 1,
    "text": "The HNO states whether there are any evidence-based alternative views, contrary information or dissenting explanations or interpretations.",
    "required": false,
    "sub_sector": 32
  }
},
{
  "model": "ary.scorequestionnaire",
  "pk": 118,
  "fields": {
    "order": 1,
    "text": "The HNO report and the data are accessible on the most common humanitarian information platforms (e.g. HR.info, Reliefweb, HDX, UNHCR operational portal, cluster websites, etc.).",
    "required": false,
    "sub_sector": 33
  }
},
{
  "model": "ary.scorequestionnaire",
  "pk": 119,
  "fields": {
    "order": 2,
    "text": "HNO results were presented to key actors and relevant decision-making fora at national and local level.",
    "required": false,
    "sub_sector": 33
  }
},
{
  "model": "ary.scorequestionnaire",
  "pk": 120,
  "fields": {
    "order": 3,
    "text": "The HNO report has been translated into local languages so that local and national actors and affected people can use it.",
    "required": false,
    "sub_sector": 33
  }
},
{
  "model": "ary.scorequestionnaire",
  "pk": 121,
  "fields": {
    "order": 1,
    "text": "The HNO is transparent about the number, types, dates and locations of the needs assessments used for the analysis.",
    "required": false,
    "sub_sector": 34
  }
},
{
  "model": "ary.scorequestionnaire",
  "pk": 122,
  "fields": {
    "order": 2,
    "text": "The HNO assess the comprehensiveness and reliability of the information used for the analysis and is transparent about limitations and information gaps and their impact on key conclusions.",
    "required": false,
    "sub_sector": 34
  }
},
{
  "model": "ary.scorequestionnaire",
  "pk": 123,
  "fields": {
    "order": 3,
    "text": "The HNO indicates sources or references for key findings, data and graphs.",
    "required": false,
    "sub_sector": 34
  }
},
{
  "model": "ary.scorequestionnaire",
  "pk": 124,
  "fields": {
    "order": 4,
    "text": "The HNO is transparent about the methods used for calculating key humanitarian population figures and the severity of needs.",
    "required": false,
    "sub_sector": 34
  }
},
{
  "model": "ary.scorequestionnaire",
  "pk": 125,
  "fields": {
    "order": 5,
    "text": "The HNO specifies probabilities, confidence levels and uncertainty attached to key findings, humanitarian population figures or conclusions.",
    "required": false,
    "sub_sector": 34
  }
},
{
  "model": "ary.scorequestionnaire",
  "pk": 126,
  "fields": {
    "order": 1,
    "text": "The HNO makes assumptions explicit.",
    "required": false,
    "sub_sector": 35
  }
},
{
  "model": "ary.scorequestionnaire",
  "pk": 127,
  "fields": {
    "order": 1,
    "text": "Information used for calculating humanitarian population figures is based on representative surveys, involving randomly selected respondents.",
    "required": false,
    "sub_sector": 36
  }
},
{
  "model": "ary.scorequestionnaire",
  "pk": 128,
  "fields": {
    "order": 2,
    "text": "Survey data used for calculating humanitarian population figures are at most three months old.",
    "required": false,
    "sub_sector": 36
  }
},
{
  "model": "ary.scorequestionnaire",
  "pk": 129,
  "fields": {
    "order": 3,
    "text": "Different analytical lenses, such as gender, age, disability, and protection, are applied during the analysis.",
    "required": false,
    "sub_sector": 36
  }
},
{
  "model": "ary.scorequestionnaire",
  "pk": 130,
  "fields": {
    "order": 4,
    "text": "The HNO team includes international and national members and is mixed in terms of institutional backgrounds, disciplines, and gender.",
    "required": false,
    "sub_sector": 36
  }
},
{
  "model": "ary.scorequestionnaire",
  "pk": 131,
  "fields": {
    "order": 1,
    "text": "The HNO analysis is guided by a jointly agreed analytical framework, including a theoretical framework, a data collection and an analysis plan.",
    "required": false,
    "sub_sector": 37
  }
},
{
  "model": "ary.scorequestionnaire",
  "pk": 132,
  "fields": {
    "order": 2,
    "text": "The HNO states whether there are any evidence-based alternative views, contrary information or dissenting explanations or interpretations.",
    "required": false,
    "sub_sector": 37
  }
},
{
  "model": "ary.scorequestionnaire",
  "pk": 133,
  "fields": {
    "order": 3,
    "text": "The HNO makes assumptions explicit.",
    "required": false,
    "sub_sector": 37
  }
},
{
  "model": "ary.scorequestionnaire",
  "pk": 134,
  "fields": {
    "order": 1,
    "text": "The assessment was triggered by one of the following:\n- a significant change in the situation;\n- the need to cover critical information gaps identified through a review of secondary data; \n- the need to inform a major planning exercise;\n- a request by the affected government.",
    "required": true,
    "sub_sector": 38
  }
},
{
  "model": "ary.scorequestionnaire",
  "pk": 135,
  "fields": {
    "order": 2,
    "text": "The report states the assessment's general and specific objectives in terms of geographic areas, sectors, thematic areas and population groups to be assessed.",
    "required": true,
    "sub_sector": 38
  }
},
{
  "model": "ary.scorequestionnaire",
  "pk": 136,
  "fields": {
    "order": 3,
    "text": "Relevant decision makers, data experts, subject matter and context experts were involved in defining the objectives and the scope of the assessment to ensure it meets their information needs.",
    "required": true,
    "sub_sector": 38
  }
},
{
  "model": "ary.scorequestionnaire",
  "pk": 137,
  "fields": {
    "order": 4,
    "text": "The assessment is explicit about which humanitarian planning exercise it aims to inform.",
    "required": false,
    "sub_sector": 38
  }
},
{
  "model": "ary.scorequestionnaire",
  "pk": 138,
  "fields": {
    "order": 5,
    "text": "The assessment objectives and scope take into account existing information (e.g. assessment registry, secondary data review, lessons learnt from past assessments) and limit the burden of the assessment on the affected population by minimizing data collected.",
    "required": false,
    "sub_sector": 38
  }
},
{
  "model": "ary.scorequestionnaire",
  "pk": 139,
  "fields": {
    "order": 6,
    "text": "The assessment's objectives include conducting an inter-sectoral analysis.",
    "required": false,
    "sub_sector": 38
  }
},
{
  "model": "ary.scorequestionnaire",
  "pk": 140,
  "fields": {
    "order": 1,
    "text": "The sample of assessed areas includes all types of geographical areas relevant for the planning exercise the assessment aims to inform.",
    "required": true,
    "sub_sector": 39
  }
},
{
  "model": "ary.scorequestionnaire",
  "pk": 141,
  "fields": {
    "order": 2,
    "text": "The sample design matches the geographic level of detail required by the planning process the assessment aims to inform, e.g. administrative levels 1 and 2 (province, district) for strategic planning, administrative levels 3 or 4 (sub district, commune or village) for operational planning.",
    "required": false,
    "sub_sector": 39
  }
},
{
  "model": "ary.scorequestionnaire",
  "pk": 142,
  "fields": {
    "order": 1,
    "text": "The assessment covers all sectors (e.g. food security, shelter, education etc.) and sub-sectors (e.g. water supply, sanitation and hygiene for WASH) relevant for the planning exercise the assessment aims to inform.",
    "required": true,
    "sub_sector": 40
  }
},
{
  "model": "ary.scorequestionnaire",
  "pk": 143,
  "fields": {
    "order": 2,
    "text": "Sector assessment experts were involved in identifying questions for each relevant sector or sub-sector.",
    "required": false,
    "sub_sector": 40
  }
},
{
  "model": "ary.scorequestionnaire",
  "pk": 144,
  "fields": {
    "order": 3,
    "text": "Relevant cross-cutting issues (e.g. gender, age, disability, environment, and early recovery) are addressed in the questionnaire and the analysis.",
    "required": false,
    "sub_sector": 40
  }
},
{
  "model": "ary.scorequestionnaire",
  "pk": 145,
  "fields": {
    "order": 4,
    "text": "The assessment includes open questions that allow for identifying 'new' or non-sector specific issues.",
    "required": false,
    "sub_sector": 40
  }
},
{
  "model": "ary.scorequestionnaire",
  "pk": 146,
  "fields": {
    "order": 1,
    "text": "The assessment covers all groups potentially affected by the crisis (depending on context e.g. refugees, IDPs, host communities, affected residents, etc.).",
    "required": true,
    "sub_sector": 41
  }
},
{
  "model": "ary.scorequestionnaire",
  "pk": 147,
  "fields": {
    "order": 2,
    "text": "Characteristics that increase the vulnerability of different groups in the given context (e.g. gender, age, disability, minority status, displacement, etc.) are identified when developing the questionnaire.",
    "required": true,
    "sub_sector": 41
  }
},
{
  "model": "ary.scorequestionnaire",
  "pk": 148,
  "fields": {
    "order": 3,
    "text": "Results for relevant indicators are disaggregated by the characteristics identified as per the previous criterion.",
    "required": false,
    "sub_sector": 41
  }
},
{
  "model": "ary.scorequestionnaire",
  "pk": 149,
  "fields": {
    "order": 4,
    "text": "The analysis identifies relevant distinctions within these groups (e.g. different types of disabilities, different age groups within gender groups, different gender groups within minority groups, etc.).",
    "required": false,
    "sub_sector": 41
  }
},
{
  "model": "ary.scorequestionnaire",
  "pk": 150,
  "fields": {
    "order": 1,
    "text": "Data protection measures are in place to protect the identity of respondents, including safe storage, password protection and anonymization when sharing data.",
    "required": true,
    "sub_sector": 42
  }
},
{
  "model": "ary.scorequestionnaire",
  "pk": 151,
  "fields": {
    "order": 2,
    "text": "Respondents are informed on how the data will be used and are formally asked if they are willing to participate through informed consent \n(-> See https://rescue.app.box.com/s/pknrxkzjoucjo9kh075fyy4qx476cg9z).",
    "required": true,
    "sub_sector": 42
  }
},
{
  "model": "ary.scorequestionnaire",
  "pk": 152,
  "fields": {
    "order": 3,
    "text": "The assessment design is based on a \"do no harm\" analysis, identifies potential risks to affected populations and enumerators and provides relevant mitigation measures.",
    "required": true,
    "sub_sector": 42
  }
},
{
  "model": "ary.scorequestionnaire",
  "pk": 153,
  "fields": {
    "order": 4,
    "text": "Strategies are in place to prevent and address sexual harassment, exploitation and abuse during the assessment process (this can include for example policies, guidance, briefings, training or complaints mechanisms).",
    "required": true,
    "sub_sector": 42
  }
},
{
  "model": "ary.scorequestionnaire",
  "pk": 154,
  "fields": {
    "order": 5,
    "text": "Enumerators are trained in safety and security measures.",
    "required": false,
    "sub_sector": 42
  }
},
{
  "model": "ary.scorequestionnaire",
  "pk": 155,
  "fields": {
    "order": 6,
    "text": "Enumerators are trained in sensitive data management, for example in how to engage with respondents who are minors.",
    "required": false,
    "sub_sector": 42
  }
},
{
  "model": "ary.scorequestionnaire",
  "pk": 156,
  "fields": {
    "order": 7,
    "text": "Trainings for or instructions to enumerators and team leaders include procedures for the identification and referral of cases in need of immediate follow-up.",
    "required": false,
    "sub_sector": 42
  }
},
{
  "model": "ary.scorequestionnaire",
  "pk": 157,
  "fields": {
    "order": 8,
    "text": "Trainings for or instructions to enumerators and team leaders include recommendations for managing expectations of affected communities.",
    "required": false,
    "sub_sector": 42
  }
},
{
  "model": "ary.scorequestionnaire",
  "pk": 158,
  "fields": {
    "order": 1,
    "text": "Trainings for or instructions to enumerators and team leaders include modules on humanitarian principles.",
    "required": false,
    "sub_sector": 43
  }
},
{
  "model": "ary.scorequestionnaire",
  "pk": 159,
  "fields": {
    "order": 1,
    "text": "Representatives from local and international NGOs, UN agencies, clusters, members of the Red Cross / Red Crescent Movement and where appropriate government / local authorities were invited to join the inter-agency assessment working group overseeing the assessment.",
    "required": false,
    "sub_sector": 44
  }
},
{
  "model": "ary.scorequestionnaire",
  "pk": 160,
  "fields": {
    "order": 2,
    "text": "Unless withheld for security reasons, the assessment indicates which organizations were involved in design, data collection, analysis and report writing.",
    "required": false,
    "sub_sector": 44
  }
},
{
  "model": "ary.scorequestionnaire",
  "pk": 161,
  "fields": {
    "order": 3,
    "text": "Assessment partners share relevant existing data, knowledge and resources to implement the assessment.",
    "required": false,
    "sub_sector": 44
  }
},
{
  "model": "ary.scorequestionnaire",
  "pk": 162,
  "fields": {
    "order": 1,
    "text": "The assessment is transparent about the number, types and location of respondents interviewed.",
    "required": true,
    "sub_sector": 45
  }
},
{
  "model": "ary.scorequestionnaire",
  "pk": 163,
  "fields": {
    "order": 2,
    "text": "The assessment indicates sources for secondary data, key findings and graphs.",
    "required": true,
    "sub_sector": 45
  }
},
{
  "model": "ary.scorequestionnaire",
  "pk": 164,
  "fields": {
    "order": 3,
    "text": "The assessment is transparent about limitations and information gaps and their impact on key findings.",
    "required": true,
    "sub_sector": 45
  }
},
{
  "model": "ary.scorequestionnaire",
  "pk": 165,
  "fields": {
    "order": 4,
    "text": "The assessment provides access to the instruments used for data collection.",
    "required": true,
    "sub_sector": 45
  }
},
{
  "model": "ary.scorequestionnaire",
  "pk": 166,
  "fields": {
    "order": 5,
    "text": "Technical documentation that is publicly available or available on request (for example definitions of key concepts, methodological and processing notes, anonymized microdata) allows the reproduction of assessment results.",
    "required": false,
    "sub_sector": 45
  }
},
{
  "model": "ary.scorequestionnaire",
  "pk": 167,
  "fields": {
    "order": 6,
    "text": "The assessment specifies probabilities, confidence levels and uncertainty attached to key findings, humanitarian population figures or conclusions.",
    "required": false,
    "sub_sector": 45
  }
},
{
  "model": "ary.scorequestionnaire",
  "pk": 168,
  "fields": {
    "order": 1,
    "text": "The assessment triangulates information derived from different sources (such as secondary data, key informant interviews or household surveys).",
    "required": true,
    "sub_sector": 46
  }
},
{
  "model": "ary.scorequestionnaire",
  "pk": 169,
  "fields": {
    "order": 2,
    "text": "The assessment triangulates information gathered through different methods.",
    "required": true,
    "sub_sector": 46
  }
},
{
  "model": "ary.scorequestionnaire",
  "pk": 170,
  "fields": {
    "order": 3,
    "text": "The assessment uses an appropriate sampling strategy, which can involve random or non-random sampling \n(--> 2012 Operational guidance on coordinated needs assessments).",
    "required": true,
    "sub_sector": 46
  }
},
{
  "model": "ary.scorequestionnaire",
  "pk": 171,
  "fields": {
    "order": 4,
    "text": "Different analytical lenses, such as gender, age, disability, and protection, are applied during the analysis.",
    "required": false,
    "sub_sector": 46
  }
},
{
  "model": "ary.scorequestionnaire",
  "pk": 172,
  "fields": {
    "order": 5,
    "text": "The assessment team includes international and national members and is mixed in terms of institutional backgrounds, disciplines, and gender.",
    "required": false,
    "sub_sector": 46
  }
},
{
  "model": "ary.scorequestionnaire",
  "pk": 173,
  "fields": {
    "order": 1,
    "text": "The assessment reports which humanitarian needs affected people and/or their representatives consider priority.",
    "required": true,
    "sub_sector": 47
  }
},
{
  "model": "ary.scorequestionnaire",
  "pk": 174,
  "fields": {
    "order": 2,
    "text": "Affected people are directly consulted for the assessment (rather than through their representatives or experts).",
    "required": false,
    "sub_sector": 47
  }
},
{
  "model": "ary.scorequestionnaire",
  "pk": 175,
  "fields": {
    "order": 3,
    "text": "The assessment reports which response modalities affected people would prefer (e.g. goods, services, cash or a mix of them).",
    "required": false,
    "sub_sector": 47
  }
},
{
  "model": "ary.scorequestionnaire",
  "pk": 176,
  "fields": {
    "order": 4,
    "text": "The assessment makes explicit whether there are differences between priorities expressed by men and women.",
    "required": false,
    "sub_sector": 47
  }
},
{
  "model": "ary.scorequestionnaire",
  "pk": 177,
  "fields": {
    "order": 5,
    "text": "The assessment establishes which issues different population groups, including people with disabilities and other potentially marginalized and discriminated groups, see as priorities.",
    "required": false,
    "sub_sector": 47
  }
},
{
  "model": "ary.scorequestionnaire",
  "pk": 178,
  "fields": {
    "order": 6,
    "text": "Relevant findings and results are communicated back to affected people, using contextually appropriate means of communication.",
    "required": false,
    "sub_sector": 47
  }
},
{
  "model": "ary.scorequestionnaire",
  "pk": 179,
  "fields": {
    "order": 1,
    "text": "Data collection tools are tested in the context before using them.",
    "required": true,
    "sub_sector": 48
  }
},
{
  "model": "ary.scorequestionnaire",
  "pk": 180,
  "fields": {
    "order": 2,
    "text": "Enumerators are trained on assessment objectives, methodology, questionnaire and interview techniques.",
    "required": true,
    "sub_sector": 48
  }
},
{
  "model": "ary.scorequestionnaire",
  "pk": 181,
  "fields": {
    "order": 3,
    "text": "The assessment design takes cultural and communication preferences of affected people into account, for example when choosing survey tools and dissemination methods, sampling strategy, sex and age of enumerators, etc.",
    "required": false,
    "sub_sector": 48
  }
},
{
  "model": "ary.scorequestionnaire",
  "pk": 182,
  "fields": {
    "order": 4,
    "text": "Data collection instruments and related instructions for enumerators are translated into local language(s) where relevant. -> See IASC 2015 MIRA guidance and IMWG 2016 Humanitarian profile support guidance",
    "required": false,
    "sub_sector": 48
  }
},
{
  "model": "ary.scorequestionnaire",
  "pk": 183,
  "fields": {
    "order": 1,
    "text": "Data collection and analysis are guided by a jointly agreed analytical framework, including a theoretical framework, a data collection and an analysis plan.",
    "required": true,
    "sub_sector": 49
  }
},
{
  "model": "ary.scorequestionnaire",
  "pk": 184,
  "fields": {
    "order": 2,
    "text": "The assessment states whether there are any evidence-based alternative views, contrary information or dissenting explanations or interpretations.",
    "required": false,
    "sub_sector": 49
  }
},
{
  "model": "ary.scorequestionnaire",
  "pk": 185,
  "fields": {
    "order": 3,
    "text": "The assessment makes assumptions explicit.",
    "required": false,
    "sub_sector": 49
  }
},
{
  "model": "ary.scorequestionnaire",
  "pk": 186,
  "fields": {
    "order": 1,
    "text": "The assessment identifies the most important ways in which the crisis affects people, including\u00a0protection risks.",
    "required": true,
    "sub_sector": 50
  }
},
{
  "model": "ary.scorequestionnaire",
  "pk": 187,
  "fields": {
    "order": 2,
    "text": "The assessment establishes the humanitarian profile of the crisis (types of affected groups and numbers). \n-> See IASC 2011 Humanitarian profile guidance",
    "required": false,
    "sub_sector": 50
  }
},
{
  "model": "ary.scorequestionnaire",
  "pk": 188,
  "fields": {
    "order": 3,
    "text": "The assessment identifies what coping mechanisms affected people use.",
    "required": false,
    "sub_sector": 50
  }
},
{
  "model": "ary.scorequestionnaire",
  "pk": 189,
  "fields": {
    "order": 4,
    "text": "The assessment identifies capacities of affected people and local authorities to cope with and respond to the crisis.",
    "required": false,
    "sub_sector": 50
  }
},
{
  "model": "ary.scorequestionnaire",
  "pk": 190,
  "fields": {
    "order": 5,
    "text": "The assessment identifies the scope and reach of existing humanitarian assistance.",
    "required": false,
    "sub_sector": 50
  }
},
{
  "model": "ary.scorequestionnaire",
  "pk": 191,
  "fields": {
    "order": 6,
    "text": "The assessment identifies the information needs and communication preferences of affected communities.",
    "required": false,
    "sub_sector": 50
  }
},
{
  "model": "ary.scorequestionnaire",
  "pk": 192,
  "fields": {
    "order": 7,
    "text": "The assessment uses earlier data to establish trends or evolutions in the humanitarian situation and - where applicable - to compare current findings to the situation before the crisis.",
    "required": false,
    "sub_sector": 50
  }
},
{
  "model": "ary.scorequestionnaire",
  "pk": 193,
  "fields": {
    "order": 8,
    "text": "The assessment identifies humanitarian access constraints, including obstacles for people in need in accessing assistance, constraints for humanitarian actors to access people in need and physical constraints.",
    "required": false,
    "sub_sector": 50
  }
},
{
  "model": "ary.scorequestionnaire",
  "pk": 194,
  "fields": {
    "order": 1,
    "text": "The assessment identifies factors that drive and explain humanitarian conditions.",
    "required": true,
    "sub_sector": 51
  }
},
{
  "model": "ary.scorequestionnaire",
  "pk": 195,
  "fields": {
    "order": 1,
    "text": "The assessment estimates and compares the severity of humanitarian conditions and the number of people in need per sector or thematic area. --> See 2016 IMWG Humanitarian population figures",
    "required": true,
    "sub_sector": 52
  }
},
{
  "model": "ary.scorequestionnaire",
  "pk": 196,
  "fields": {
    "order": 2,
    "text": "The assessment estimates and compares the severity of humanitarian conditions and the number of people in need by geographical area. --> See 2016 IMWG Humanitarian population figures",
    "required": true,
    "sub_sector": 52
  }
},
{
  "model": "ary.scorequestionnaire",
  "pk": 197,
  "fields": {
    "order": 3,
    "text": "The assessment estimates and compares the severity of humanitarian conditions and the number of people in need by affected group.--> See 2016 IMWG Humanitarian population figures",
    "required": true,
    "sub_sector": 52
  }
},
{
  "model": "ary.scorequestionnaire",
  "pk": 198,
  "fields": {
    "order": 4,
    "text": "The assessment is transparent on the method used to estimate the number of people in need and the severity of humanitarian conditions. --> See 2016 IMWG Humanitarian population figures",
    "required": true,
    "sub_sector": 52
  }
},
{
  "model": "ary.scorequestionnaire",
  "pk": 199,
  "fields": {
    "order": 5,
    "text": "The assessment estimates the overall severity of humanitarian conditions and the overall number of people in need (at inter-sector level). --> See 2016 IMWG Humanitarian population figures",
    "required": false,
    "sub_sector": 52
  }
},
{
  "model": "ary.scorequestionnaire",
  "pk": 200,
  "fields": {
    "order": 1,
    "text": "The assessment identifies certain and likely future events that might affect humanitarian conditions.",
    "required": true,
    "sub_sector": 53
  }
},
{
  "model": "ary.scorequestionnaire",
  "pk": 201,
  "fields": {
    "order": 1,
    "text": "Preliminary or final results are shared with response planners in advance of the response analysis and the planning/decision-making process.",
    "required": true,
    "sub_sector": 54
  }
},
{
  "model": "ary.scorequestionnaire",
  "pk": 202,
  "fields": {
    "order": 1,
    "text": "The report includes an executive summary that provides a good overview of the assessment's findings and conclusions.",
    "required": false,
    "sub_sector": 55
  }
},
{
  "model": "ary.scorequestionnaire",
  "pk": 203,
  "fields": {
    "order": 2,
    "text": "The report has a table of contents, is written in plain language and follows a logical structure.",
    "required": false,
    "sub_sector": 55
  }
},
{
  "model": "ary.scorequestionnaire",
  "pk": 204,
  "fields": {
    "order": 3,
    "text": "Conclusions are presented clearly and concisely and supported by evidence and well-reasoned arguments.",
    "required": false,
    "sub_sector": 55
  }
},
{
  "model": "ary.scorequestionnaire",
  "pk": 205,
  "fields": {
    "order": 4,
    "text": "Appropriate and effective visualizations (e.g. charts, maps, infographics) are used to illustrate the findings and support key conclusions.",
    "required": false,
    "sub_sector": 55
  }
},
{
  "model": "ary.scorequestionnaire",
  "pk": 206,
  "fields": {
    "order": 1,
    "text": "The assessment report is accessible on the most common humanitarian information platforms (e.g. HR.info, Reliefweb, HDX, UNHCR operational portal, cluster websites, etc.).",
    "required": false,
    "sub_sector": 56
  }
},
{
  "model": "ary.scorequestionnaire",
  "pk": 207,
  "fields": {
    "order": 2,
    "text": "The assessment is accessible on relevant government and development information platforms.",
    "required": false,
    "sub_sector": 56
  }
},
{
  "model": "ary.scorequestionnaire",
  "pk": 208,
  "fields": {
    "order": 3,
    "text": "Findings were presented to key actors and relevant decision-making fora at national and local level.",
    "required": false,
    "sub_sector": 56
  }
},
{
  "model": "ary.scorequestionnaire",
  "pk": 209,
  "fields": {
    "order": 4,
    "text": "The assessment has been translated into local languages so that local and national actors and affected people can use it.",
    "required": false,
    "sub_sector": 56
  }
},
{
  "model": "ary.scorequestionnaire",
  "pk": 210,
  "fields": {
    "order": 1,
    "text": "The Humanitarian Response Plan / appeal references the assessment.",
    "required": false,
    "sub_sector": 57
  }
},
{
  "model": "ary.scorequestionnaire",
  "pk": 211,
  "fields": {
    "order": 2,
    "text": "The Humanitarian Response Plan / appeal reflects the geographic priorities suggested by the assessment.",
    "required": false,
    "sub_sector": 57
  }
},
{
  "model": "ary.scorequestionnaire",
  "pk": 212,
  "fields": {
    "order": 3,
    "text": "The Humanitarian Response Plan / appeal reflects the thematic and sectoral priorities suggested by the assessment.",
    "required": false,
    "sub_sector": 57
  }
},
{
  "model": "ary.scorequestionnaire",
  "pk": 213,
  "fields": {
    "order": 4,
    "text": "The Humanitarian Response Plan / appeal reflects the priorities between different affected and vulnerable groups suggested by the assessment.",
    "required": false,
    "sub_sector": 57
  }
},
{
  "model": "ary.scorequestionnaire",
  "pk": 214,
  "fields": {
    "order": 5,
    "text": "At the end of the assessment, partners review the assessment process, methodology and tools to identify lessons and improve assessment preparedness in-country and joint assessment practice in general.",
    "required": false,
    "sub_sector": 57
  }
},
{
  "model": "ary.scorequestionnaire",
  "pk": 215,
  "fields": {
    "order": 1,
    "text": "A majority of interviewed cluster/sector representatives perceives the assessment as useful.",
    "required": false,
    "sub_sector": 58
  }
},
{
  "model": "ary.scorequestionnaire",
  "pk": 216,
  "fields": {
    "order": 2,
    "text": "A majority of interviewed cluster/sector representatives perceives the assessment as unbiased.",
    "required": false,
    "sub_sector": 58
  }
},
{
  "model": "ary.scorequestionnaire",
  "pk": 217,
  "fields": {
    "order": 3,
    "text": "Planning documents of a majority of consulted clusters/sectors reflect the geographic priorities suggested by the assessment.",
    "required": false,
    "sub_sector": 58
  }
},
{
  "model": "ary.scorequestionnaire",
  "pk": 218,
  "fields": {
    "order": 4,
    "text": "Planning documents of a majority of consulted clusters/sectors reflect the thematic and sectoral priorities suggested by the assessment.",
    "required": false,
    "sub_sector": 58
  }
},
{
  "model": "ary.scorequestionnaire",
  "pk": 219,
  "fields": {
    "order": 5,
    "text": "Planning documents of a majority of consulted clusters/sectors reflect the priorities between affected and vulnerable groups suggested by the assessment.",
    "required": false,
    "sub_sector": 58
  }
},
{
  "model": "ary.scorequestionnaire",
  "pk": 220,
  "fields": {
    "order": 1,
    "text": "A majority of interviewed UN agencies perceives the assessment as useful.",
    "required": false,
    "sub_sector": 59
  }
},
{
  "model": "ary.scorequestionnaire",
  "pk": 221,
  "fields": {
    "order": 2,
    "text": "A majority of interviewed UN agencies perceives the assessment as unbiased.",
    "required": false,
    "sub_sector": 59
  }
},
{
  "model": "ary.scorequestionnaire",
  "pk": 222,
  "fields": {
    "order": 3,
    "text": "Planning documents of a majority of interviewed UN agencies reflect the geographic priorities suggested by the assessment.",
    "required": false,
    "sub_sector": 59
  }
},
{
  "model": "ary.scorequestionnaire",
  "pk": 223,
  "fields": {
    "order": 4,
    "text": "Planning documents of a majority of interviewed UN agencies reflect the priorities between humanitarian sectors and sub-sectors suggested by the assessment.",
    "required": false,
    "sub_sector": 59
  }
},
{
  "model": "ary.scorequestionnaire",
  "pk": 224,
  "fields": {
    "order": 5,
    "text": "Planning documents of a majority of interviewed UN agencies reflect the priorities between affected and vulnerable groups suggested by the assessment.",
    "required": false,
    "sub_sector": 59
  }
},
{
  "model": "ary.scorequestionnaire",
  "pk": 225,
  "fields": {
    "order": 1,
    "text": "A majority of interviewed INGOs perceives the assessment as useful.",
    "required": false,
    "sub_sector": 60
  }
},
{
  "model": "ary.scorequestionnaire",
  "pk": 226,
  "fields": {
    "order": 2,
    "text": "A majority of interviewed INGOs perceives the assessment as unbiased.",
    "required": false,
    "sub_sector": 60
  }
},
{
  "model": "ary.scorequestionnaire",
  "pk": 227,
  "fields": {
    "order": 3,
    "text": "Planning documents of a majority of interviewed INGOs reflect the geographic priorities suggested by the assessment.",
    "required": false,
    "sub_sector": 60
  }
},
{
  "model": "ary.scorequestionnaire",
  "pk": 228,
  "fields": {
    "order": 4,
    "text": "Planning documents of a majority of interviewed INGOs reflect the priorities between humanitarian sectors and sub-sectors suggested by the assessment.",
    "required": false,
    "sub_sector": 60
  }
},
{
  "model": "ary.scorequestionnaire",
  "pk": 229,
  "fields": {
    "order": 5,
    "text": "Planning documents of a majority of interviewed INGOs reflect the priorities between affected and vulnerable groups suggested by the assessment.",
    "required": false,
    "sub_sector": 60
  }
},
{
  "model": "ary.scorequestionnaire",
  "pk": 230,
  "fields": {
    "order": 1,
    "text": "A majority of interviewed local NGOs perceives the assessment as useful.",
    "required": false,
    "sub_sector": 61
  }
},
{
  "model": "ary.scorequestionnaire",
  "pk": 231,
  "fields": {
    "order": 2,
    "text": "A majority of interviewed local NGOs perceives the assessment as unbiased.",
    "required": false,
    "sub_sector": 61
  }
},
{
  "model": "ary.scorequestionnaire",
  "pk": 232,
  "fields": {
    "order": 3,
    "text": "Planning documents of a majority of interviewed local NGOs reflect the geographic priorities suggested by the assessment.",
    "required": false,
    "sub_sector": 61
  }
},
{
  "model": "ary.scorequestionnaire",
  "pk": 233,
  "fields": {
    "order": 4,
    "text": "Planning documents of a majority of interviewed local NGOs reflect the priorities between humanitarian sectors and sub-sectors suggested by the assessment.",
    "required": false,
    "sub_sector": 61
  }
},
{
  "model": "ary.scorequestionnaire",
  "pk": 234,
  "fields": {
    "order": 5,
    "text": "Planning documents of a majority of interviewed local NGOs reflect the priorities between affected and vulnerable groups suggested by the assessment.",
    "required": false,
    "sub_sector": 61
  }
},
{
  "model": "ary.scorequestionnaire",
  "pk": 235,
  "fields": {
    "order": 1,
    "text": "A majority of interviewed Red Cross/Red Crescent representatives perceives the assessment as useful.",
    "required": false,
    "sub_sector": 62
  }
},
{
  "model": "ary.scorequestionnaire",
  "pk": 236,
  "fields": {
    "order": 2,
    "text": "A majority of interviewed Red Cross/Red Crescent representatives perceives the assessment as unbiased.",
    "required": false,
    "sub_sector": 62
  }
},
{
  "model": "ary.scorequestionnaire",
  "pk": 237,
  "fields": {
    "order": 3,
    "text": "Planning documents of a majority of consulted Red Cross/Red Crescent organizations reflect the geographic priorities suggested by the assessment.",
    "required": false,
    "sub_sector": 62
  }
},
{
  "model": "ary.scorequestionnaire",
  "pk": 238,
  "fields": {
    "order": 4,
    "text": "Planning documents of a majority of consulted Red Cross/Red Crescent organizations reflect the priorities between humanitarian sectors and sub-sectors suggested by the assessment.",
    "required": false,
    "sub_sector": 62
  }
},
{
  "model": "ary.scorequestionnaire",
  "pk": 239,
  "fields": {
    "order": 5,
    "text": "Planning documents of a majority of consulted Red Cross/Red Crescent organizations reflect the priorities between affected and vulnerable groups suggested by the assessment.",
    "required": false,
    "sub_sector": 62
  }
},
{
  "model": "ary.scorequestionnaire",
  "pk": 240,
  "fields": {
    "order": 1,
    "text": "A majority of interviewed donor representatives perceives the assessment as useful.",
    "required": false,
    "sub_sector": 63
  }
},
{
  "model": "ary.scorequestionnaire",
  "pk": 241,
  "fields": {
    "order": 2,
    "text": "A majority of interviewed donor representatives perceives the assessment as unbiased.",
    "required": false,
    "sub_sector": 63
  }
},
{
  "model": "ary.scorequestionnaire",
  "pk": 242,
  "fields": {
    "order": 3,
    "text": "Planning documents of a majority of consulted donors reflect the geographic priorities suggested by the assessment.",
    "required": false,
    "sub_sector": 63
  }
},
{
  "model": "ary.scorequestionnaire",
  "pk": 243,
  "fields": {
    "order": 4,
    "text": "Planning documents of a majority of consulted donors reflect the priorities between humanitarian sectors and sub-sectors suggested by the assessment.",
    "required": false,
    "sub_sector": 63
  }
},
{
  "model": "ary.scorequestionnaire",
  "pk": 244,
  "fields": {
    "order": 5,
    "text": "Planning documents of a majority of consulted donors reflect the priorities between affected and vulnerable groups suggested by the assessment.",
    "required": false,
    "sub_sector": 63
  }
},
{
  "model": "ary.scorequestionnaire",
  "pk": 245,
  "fields": {
    "order": 1,
    "text": "A majority of interviewed government representatives perceives the assessment as useful.",
    "required": false,
    "sub_sector": 64
  }
},
{
  "model": "ary.scorequestionnaire",
  "pk": 246,
  "fields": {
    "order": 2,
    "text": "A majority of interviewed government representatives perceives the assessment as unbiased.",
    "required": false,
    "sub_sector": 64
  }
},
{
  "model": "ary.scorequestionnaire",
  "pk": 247,
  "fields": {
    "order": 3,
    "text": "Government plans for the humanitarian response reflect the geographic priorities suggested by the assessment.",
    "required": false,
    "sub_sector": 64
  }
},
{
  "model": "ary.scorequestionnaire",
  "pk": 248,
  "fields": {
    "order": 4,
    "text": "Government plans for the humanitarian response reflect the priorities between humanitarian sectors and sub-sectors suggested by the assessment.",
    "required": false,
    "sub_sector": 64
  }
},
{
  "model": "ary.scorequestionnaire",
  "pk": 249,
  "fields": {
    "order": 5,
    "text": "Government plans for the humanitarian response reflect the priorities between affected and vulnerable groups suggested by the assessment.",
    "required": false,
    "sub_sector": 64
  }
},
{
  "model": "ary.scorequestionnaire",
  "pk": 250,
  "fields": {
    "order": 1,
    "text": "A majority of interviewed development and stabilization actors is aware of the assessment.",
    "required": false,
    "sub_sector": 65
  }
},
{
  "model": "ary.scorequestionnaire",
  "pk": 251,
  "fields": {
    "order": 2,
    "text": "A majority of interviewed development and stabilization actors perceives the assessment as useful.",
    "required": false,
    "sub_sector": 65
  }
},
{
  "model": "ary.scorequestionnaire",
  "pk": 252,
  "fields": {
    "order": 3,
    "text": "A majority of interviewed development and stabilization actors perceives the assessment as unbiased.",
    "required": false,
    "sub_sector": 65
  }
},
{
  "model": "ary.scorequestionnaire",
  "pk": 253,
  "fields": {
    "order": 4,
    "text": "A majority of interviewed development and stabilization actors states that they have considered assessment findings in their planning processes.",
    "required": false,
    "sub_sector": 65
  }
},
{
  "model": "ary.scorequestionnaire",
  "pk": 254,
  "fields": {
    "order": 1,
    "text": "The assessment covers all groups potentially affected by the crisis (depending on context e.g. refugees, IDPs, host communities, affected residents, etc.).",
    "required": false,
    "sub_sector": 66
  }
},
{
  "model": "ary.scorequestionnaire",
  "pk": 255,
  "fields": {
    "order": 2,
    "text": "Characteristics that increase the vulnerability of different groups in the given context (e.g. gender, age, disability, minority status, displacement, etc.) are identified when developing the questionnaire.",
    "required": false,
    "sub_sector": 66
  }
},
{
  "model": "ary.scorequestionnaire",
  "pk": 256,
  "fields": {
    "order": 3,
    "text": "Results for relevant indicators are disaggregated by the characteristics identified as per the previous criterion.",
    "required": false,
    "sub_sector": 66
  }
},
{
  "model": "ary.scorequestionnaire",
  "pk": 257,
  "fields": {
    "order": 4,
    "text": "The analysis identifies relevant distinctions within these groups (e.g. different types of disabilities, different age groups within gender groups, different gender groups within minority groups, etc.).",
    "required": false,
    "sub_sector": 66
  }
},
{
  "model": "ary.scorequestionnaire",
  "pk": 258,
  "fields": {
    "order": 1,
    "text": "Data protection measures are in place to protect the identity of respondents, including safe storage, password protection and anonymization when sharing data.",
    "required": false,
    "sub_sector": 67
  }
},
{
  "model": "ary.scorequestionnaire",
  "pk": 259,
  "fields": {
    "order": 2,
    "text": "Strategies are in place to prevent and address sexual harassment, exploitation and abuse during the assessment process (this can include for example policies, guidance, briefings, training or complaints mechanisms).",
    "required": false,
    "sub_sector": 67
  }
},
{
  "model": "ary.scorequestionnaire",
  "pk": 260,
  "fields": {
    "order": 3,
    "text": "Trainings for or instructions to enumerators and team leaders include recommendations for managing expectations of affected communities.",
    "required": false,
    "sub_sector": 67
  }
},
{
  "model": "ary.scorequestionnaire",
  "pk": 261,
  "fields": {
    "order": 1,
    "text": "Affected people are directly consulted for the assessment (rather than through their representatives or experts).",
    "required": false,
    "sub_sector": 68
  }
},
{
  "model": "ary.scorequestionnaire",
  "pk": 262,
  "fields": {
    "order": 2,
    "text": "The assessment makes explicit whether there are differences between priorities expressed by men and women.",
    "required": false,
    "sub_sector": 68
  }
},
{
  "model": "ary.scorequestionnaire",
  "pk": 263,
  "fields": {
    "order": 3,
    "text": "The assessment establishes which issues different population groups, including people with disabilities and other potentially marginalized and discriminated groups, see as priorities.",
    "required": false,
    "sub_sector": 68
  }
},
{
  "model": "ary.scorequestionnaire",
  "pk": 264,
  "fields": {
    "order": 1,
    "text": "Data collection tools are tested in the context before using them.",
    "required": false,
    "sub_sector": 69
  }
},
{
  "model": "ary.scorequestionnaire",
  "pk": 265,
  "fields": {
    "order": 2,
    "text": "Data collection instruments and related instructions for enumerators are translated into local language(s) where relevant. -> See IASC 2015 MIRA guidance and IMWG 2016 Humanitarian profile support guidance",
    "required": false,
    "sub_sector": 69
  }
},
{
  "model": "ary.scorequestionnaire",
  "pk": 266,
  "fields": {
    "order": 1,
    "text": "The assessment reports which humanitarian needs affected people and/or their representatives consider priority.",
    "required": false,
    "sub_sector": 70
  }
},
{
  "model": "ary.scorequestionnaire",
  "pk": 267,
  "fields": {
    "order": 2,
    "text": "The assessment reports which response modalities affected people would prefer (e.g. goods, services, cash or a mix of them).",
    "required": false,
    "sub_sector": 70
  }
},
{
  "model": "ary.scorequestionnaire",
  "pk": 268,
  "fields": {
    "order": 3,
    "text": "Relevant findings and results are communicated back to affected people, using contextually appropriate means of communication.",
    "required": false,
    "sub_sector": 70
  }
},
{
  "model": "ary.scorequestionnaire",
  "pk": 269,
  "fields": {
    "order": 1,
    "text": "The assessment design takes cultural and communication preferences of affected people into account, for example when choosing survey tools and dissemination methods, sampling strategy, sex and age of enumerators, etc.",
    "required": false,
    "sub_sector": 71
  }
},
{
  "model": "ary.scorequestionnaire",
  "pk": 270,
  "fields": {
    "order": 1,
    "text": "The assessment identifies the most important ways in which the crisis affects people, including\u00a0protection risks.",
    "required": false,
    "sub_sector": 72
  }
},
{
  "model": "ary.scorequestionnaire",
  "pk": 271,
  "fields": {
    "order": 2,
    "text": "The assessment establishes the humanitarian profile of the crisis (types of affected groups and numbers). \n-> See IASC 2011 Humanitarian profile guidance",
    "required": false,
    "sub_sector": 72
  }
},
{
  "model": "ary.scorequestionnaire",
  "pk": 272,
  "fields": {
    "order": 3,
    "text": "The assessment identifies what coping mechanisms affected people use.",
    "required": false,
    "sub_sector": 72
  }
},
{
  "model": "ary.scorequestionnaire",
  "pk": 273,
  "fields": {
    "order": 4,
    "text": "The assessment identifies capacities of affected people and local authorities to cope with and respond to the crisis.",
    "required": false,
    "sub_sector": 72
  }
},
{
  "model": "ary.scorequestionnaire",
  "pk": 274,
  "fields": {
    "order": 5,
    "text": "The assessment analyzes the information needs and communication preferences of affected communities.",
    "required": false,
    "sub_sector": 72
  }
},
{
  "model": "ary.scorequestionnaire",
  "pk": 275,
  "fields": {
    "order": 6,
    "text": "The assessment identifies humanitarian access constraints, including obstacles for people in need in accessing assistance, constraints for humanitarian actors to access people in need and physical constraints.",
    "required": false,
    "sub_sector": 72
  }
},
{
  "model": "ary.scorequestionnaire",
  "pk": 276,
  "fields": {
    "order": 1,
    "text": "The assessment has been translated into local languages so that local and national actors and affected people can use it.",
    "required": false,
    "sub_sector": 73
  }
},
{
  "model": "ary.scorequestionnaire",
  "pk": 277,
  "fields": {
    "order": 1,
    "text": "The assessment design is based on a \"do no harm\" analysis, identifies potential risks to affected populations and enumerators and provides relevant mitigation measures.",
    "required": false,
    "sub_sector": 74
  }
},
{
  "model": "ary.scorequestionnaire",
  "pk": 278,
  "fields": {
    "order": 2,
    "text": "Enumerators are trained in safety and security measures.",
    "required": false,
    "sub_sector": 74
  }
},
{
  "model": "ary.scorequestionnaire",
  "pk": 279,
  "fields": {
    "order": 1,
    "text": "The assessment was triggered by one of the following:\n- a significant change in the situation;\n- the need to cover critical information gaps identified through a review of secondary data; \n- the need to inform a major planning exercise;\n- a request by the affected government.",
    "required": false,
    "sub_sector": 75
  }
},
{
  "model": "ary.scorequestionnaire",
  "pk": 280,
  "fields": {
    "order": 2,
    "text": "The report states the assessment's general and specific objectives in terms of geographic areas, sectors, thematic areas and population groups to be assessed.",
    "required": false,
    "sub_sector": 75
  }
},
{
  "model": "ary.scorequestionnaire",
  "pk": 281,
  "fields": {
    "order": 3,
    "text": "Relevant decision makers, data, subject matter and context experts were involved in defining the objectives and the scope of the assessment to ensure it meets their information needs.",
    "required": false,
    "sub_sector": 75
  }
},
{
  "model": "ary.scorequestionnaire",
  "pk": 282,
  "fields": {
    "order": 4,
    "text": "The assessment is explicit about which humanitarian planning exercise it aims to inform.",
    "required": false,
    "sub_sector": 75
  }
},
{
  "model": "ary.scorequestionnaire",
  "pk": 283,
  "fields": {
    "order": 5,
    "text": "The assessment objectives and scope take into account existing information (e.g. assessment registry, secondary data review, lessons learnt from past assessments) and limit the burden of the assessment on the affected population by minimizing data collected.",
    "required": false,
    "sub_sector": 75
  }
},
{
  "model": "ary.scorequestionnaire",
  "pk": 284,
  "fields": {
    "order": 6,
    "text": "The assessment's objectives include conducting an inter-sectoral analysis.",
    "required": false,
    "sub_sector": 75
  }
},
{
  "model": "ary.scorequestionnaire",
  "pk": 285,
  "fields": {
    "order": 1,
    "text": "Strategies are in place to prevent and address sexual harassment, exploitation and abuse during the assessment process (this can include for example policies, guidance, briefings, training or complaints mechanisms).",
    "required": false,
    "sub_sector": 76
  }
},
{
  "model": "ary.scorequestionnaire",
  "pk": 286,
  "fields": {
    "order": 2,
    "text": "Enumerators are trained in safety and security measures.",
    "required": false,
    "sub_sector": 76
  }
},
{
  "model": "ary.scorequestionnaire",
  "pk": 287,
  "fields": {
    "order": 3,
    "text": "Enumerators are trained in sensitive data management, for example in how to engage with respondents who are minors.",
    "required": false,
    "sub_sector": 76
  }
},
{
  "model": "ary.scorequestionnaire",
  "pk": 288,
  "fields": {
    "order": 4,
    "text": "Trainings for or instructions to enumerators and team leaders include procedures for the identification and referral of cases in need of immediate follow-up.",
    "required": false,
    "sub_sector": 76
  }
},
{
  "model": "ary.scorequestionnaire",
  "pk": 289,
  "fields": {
    "order": 1,
    "text": "Enumerators are trained on assessment objectives, methodology, questionnaire and interview techniques.",
    "required": false,
    "sub_sector": 77
  }
},
{
  "model": "ary.scorequestionnaire",
  "pk": 290,
  "fields": {
    "order": 1,
    "text": "Trainings for or instructions to enumerators and team leaders include modules on humanitarian principles.",
    "required": false,
    "sub_sector": 78
  }
},
{
  "model": "ary.scorequestionnaire",
  "pk": 291,
  "fields": {
    "order": 1,
    "text": "The assessment objectives and scope take into account existing information (e.g. assessment registry, secondary data review, lessons learnt from past assessments) and limit the burden of the assessment on the affected population by minimizing data collected.",
    "required": false,
    "sub_sector": 79
  }
},
{
  "model": "ary.scorequestionnaire",
  "pk": 292,
  "fields": {
    "order": 1,
    "text": "Representatives from local and international NGOs, UN agencies, clusters, members of the Red Cross / Red Crescent Movement and where appropriate government / local authorities were invited to join the inter-agency assessment working group overseeing the assessment.",
    "required": false,
    "sub_sector": 80
  }
},
{
  "model": "ary.scorequestionnaire",
  "pk": 293,
  "fields": {
    "order": 2,
    "text": "Unless withheld for security reasons, the assessment indicates which organizations were involved in design, data collection, analysis and report writing.",
    "required": false,
    "sub_sector": 80
  }
},
{
  "model": "ary.scorequestionnaire",
  "pk": 294,
  "fields": {
    "order": 3,
    "text": "Assessment partners share relevant existing data, knowledge and resources to implement the assessment.",
    "required": false,
    "sub_sector": 80
  }
},
{
  "model": "ary.scorequestionnaire",
  "pk": 295,
  "fields": {
    "order": 1,
    "text": "The assessment triangulates information derived from different sources (such as secondary data, key informant interviews or household surveys).",
    "required": false,
    "sub_sector": 81
  }
},
{
  "model": "ary.scorequestionnaire",
  "pk": 296,
  "fields": {
    "order": 2,
    "text": "The assessment triangulates information gathered through different methods.",
    "required": false,
    "sub_sector": 81
  }
},
{
  "model": "ary.scorequestionnaire",
  "pk": 297,
  "fields": {
    "order": 3,
    "text": "The assessment uses an appropriate sampling strategy, which can involve random or non-random sampling \n(--> 2012 Operational guidance on coordinated needs assessments).",
    "required": false,
    "sub_sector": 81
  }
},
{
  "model": "ary.scorequestionnaire",
  "pk": 298,
  "fields": {
    "order": 4,
    "text": "Different analytical lenses, such as gender, age, disability, and protection, are applied during the analysis.",
    "required": false,
    "sub_sector": 81
  }
},
{
  "model": "ary.scorequestionnaire",
  "pk": 299,
  "fields": {
    "order": 5,
    "text": "The assessment team includes international and national members and is mixed in terms of institutional backgrounds, disciplines, and gender.",
    "required": false,
    "sub_sector": 81
  }
},
{
  "model": "ary.scorequestionnaire",
  "pk": 300,
  "fields": {
    "order": 1,
    "text": "Data collection and analysis are guided by a jointly agreed analytical framework, including a theoretical framework, a data collection and an analysis plan.",
    "required": false,
    "sub_sector": 82
  }
},
{
  "model": "ary.scorequestionnaire",
  "pk": 301,
  "fields": {
    "order": 1,
    "text": "The assessment states whether there are any evidence-based alternative views, contrary information or dissenting explanations or interpretations.",
    "required": false,
    "sub_sector": 83
  }
},
{
  "model": "ary.scorequestionnaire",
  "pk": 302,
  "fields": {
    "order": 1,
    "text": "Data protection measures are in place to protect the identity of respondents, including safe storage, password protection and anonymization when sharing data.",
    "required": false,
    "sub_sector": 84
  }
},
{
  "model": "ary.scorequestionnaire",
  "pk": 303,
  "fields": {
    "order": 2,
    "text": "Respondents are informed on how the data will be used and are formally asked if they are willing to participate through informed consent \n(-> See https://rescue.app.box.com/s/pknrxkzjoucjo9kh075fyy4qx476cg9z).",
    "required": false,
    "sub_sector": 84
  }
},
{
  "model": "ary.scorequestionnaire",
  "pk": 304,
  "fields": {
    "order": 1,
    "text": "The assessment report is accessible on the most common humanitarian information platforms (e.g. HR.info, Reliefweb, HDX, UNHCR operational portal, cluster websites, etc.).",
    "required": false,
    "sub_sector": 85
  }
},
{
  "model": "ary.scorequestionnaire",
  "pk": 305,
  "fields": {
    "order": 2,
    "text": "The assessment is accessible on relevant government and development information platforms.",
    "required": false,
    "sub_sector": 85
  }
},
{
  "model": "ary.scorequestionnaire",
  "pk": 306,
  "fields": {
    "order": 3,
    "text": "Findings were presented to key actors and relevant decision-making fora at national and local level.",
    "required": false,
    "sub_sector": 85
  }
},
{
  "model": "ary.scorequestionnaire",
  "pk": 307,
  "fields": {
    "order": 4,
    "text": "The assessment has been translated into local languages so that local and national actors and affected people can use it.",
    "required": false,
    "sub_sector": 85
  }
},
{
  "model": "ary.scorequestionnaire",
  "pk": 308,
  "fields": {
    "order": 1,
    "text": "The assessment is transparent about the number, types and location of respondents interviewed.",
    "required": false,
    "sub_sector": 86
  }
},
{
  "model": "ary.scorequestionnaire",
  "pk": 309,
  "fields": {
    "order": 2,
    "text": "The assessment indicates sources for secondary data, key findings and graphs.",
    "required": false,
    "sub_sector": 86
  }
},
{
  "model": "ary.scorequestionnaire",
  "pk": 310,
  "fields": {
    "order": 3,
    "text": "The assessment is transparent about limitations and information gaps and their impact on key findings.",
    "required": false,
    "sub_sector": 86
  }
},
{
  "model": "ary.scorequestionnaire",
  "pk": 311,
  "fields": {
    "order": 4,
    "text": "The assessment provides access to the instruments used for data collection.",
    "required": false,
    "sub_sector": 86
  }
},
{
  "model": "ary.scorequestionnaire",
  "pk": 312,
  "fields": {
    "order": 5,
    "text": "Technical documentation that is publicly available or available on request (for example definitions of key concepts, methodological and processing notes, anonymized microdata) allows the reproduction of assessment results.",
    "required": false,
    "sub_sector": 86
  }
},
{
  "model": "ary.scorequestionnaire",
  "pk": 313,
  "fields": {
    "order": 6,
    "text": "The assessment specifies probabilities, confidence levels and uncertainty attached to key findings, humanitarian population figures or conclusions.",
    "required": false,
    "sub_sector": 86
  }
},
{
  "model": "ary.scorequestionnaire",
  "pk": 314,
  "fields": {
    "order": 1,
    "text": "The assessment makes assumptions explicit.",
    "required": false,
    "sub_sector": 87
  }
},
{
  "model": "ary.scorequestionnaire",
  "pk": 315,
  "fields": {
    "order": 1,
    "text": "The assessment triangulates information derived from different sources (such as secondary data, key informant interviews or household surveys).",
    "required": false,
    "sub_sector": 88
  }
},
{
  "model": "ary.scorequestionnaire",
  "pk": 316,
  "fields": {
    "order": 2,
    "text": "The assessment triangulates information gathered through different methods.",
    "required": false,
    "sub_sector": 88
  }
},
{
  "model": "ary.scorequestionnaire",
  "pk": 317,
  "fields": {
    "order": 3,
    "text": "The assessment uses an appropriate sampling strategy, which can involve random or non-random sampling \n(--> 2012 Operational guidance on coordinated needs assessments).",
    "required": false,
    "sub_sector": 88
  }
},
{
  "model": "ary.scorequestionnaire",
  "pk": 318,
  "fields": {
    "order": 4,
    "text": "Different analytical lenses, such as gender, age, disability, and protection, are applied during the analysis.",
    "required": false,
    "sub_sector": 88
  }
},
{
  "model": "ary.scorequestionnaire",
  "pk": 319,
  "fields": {
    "order": 5,
    "text": "The assessment team includes international and national members and is mixed in terms of institutional backgrounds, disciplines, and gender.",
    "required": false,
    "sub_sector": 88
  }
},
{
  "model": "ary.scorequestionnaire",
  "pk": 320,
  "fields": {
    "order": 1,
    "text": "Data collection and analysis are guided by a jointly agreed analytical framework, including a theoretical framework, a data collection and an analysis plan.",
    "required": false,
    "sub_sector": 89
  }
},
{
  "model": "ary.scorequestionnaire",
  "pk": 321,
  "fields": {
    "order": 2,
    "text": "The assessment states whether there are any evidence-based alternative views, contrary information or dissenting explanations or interpretations.",
    "required": false,
    "sub_sector": 89
  }
},
{
  "model": "ary.scorequestionnaire",
  "pk": 322,
  "fields": {
    "order": 3,
    "text": "The assessment makes assumptions explicit.",
    "required": false,
    "sub_sector": 89
  }
},
{
  "model": "ary.scorequestionnairesector",
  "pk": 1,
  "fields": {
    "template": 1,
    "title": "Comprehensiveness",
    "order": 1,
    "method": "hno",
    "sub_method": "criteria"
  }
},
{
  "model": "ary.scorequestionnairesector",
  "pk": 2,
  "fields": {
    "template": 1,
    "title": "Methodological rigor",
    "order": 2,
    "method": "hno",
    "sub_method": "criteria"
  }
},
{
  "model": "ary.scorequestionnairesector",
  "pk": 3,
  "fields": {
    "template": 1,
    "title": "Analytical value",
    "order": 3,
    "method": "hno",
    "sub_method": "criteria"
  }
},
{
  "model": "ary.scorequestionnairesector",
  "pk": 4,
  "fields": {
    "template": 1,
    "title": "Timeliness",
    "order": 4,
    "method": "hno",
    "sub_method": "criteria"
  }
},
{
  "model": "ary.scorequestionnairesector",
  "pk": 5,
  "fields": {
    "template": 1,
    "title": "Effective communication",
    "order": 5,
    "method": "hno",
    "sub_method": "criteria"
  }
},
{
  "model": "ary.scorequestionnairesector",
  "pk": 6,
  "fields": {
    "template": 1,
    "title": "Use",
    "order": 6,
    "method": "hno",
    "sub_method": "criteria"
  }
},
{
  "model": "ary.scorequestionnairesector",
  "pk": 7,
  "fields": {
    "template": 1,
    "title": "People-centred and inclusive",
    "order": 1,
    "method": "hno",
    "sub_method": "ethos"
  }
},
{
  "model": "ary.scorequestionnairesector",
  "pk": 8,
  "fields": {
    "template": 1,
    "title": "Accountability to Affected Populations",
    "order": 2,
    "method": "hno",
    "sub_method": "ethos"
  }
},
{
  "model": "ary.scorequestionnairesector",
  "pk": 9,
  "fields": {
    "template": 1,
    "title": "Joint analysis",
    "order": 3,
    "method": "hno",
    "sub_method": "ethos"
  }
},
{
  "model": "ary.scorequestionnairesector",
  "pk": 10,
  "fields": {
    "template": 1,
    "title": "Acknowledge dissenting voices in joint needs analysis",
    "order": 4,
    "method": "hno",
    "sub_method": "ethos"
  }
},
{
  "model": "ary.scorequestionnairesector",
  "pk": 11,
  "fields": {
    "template": 1,
    "title": "Sharing results (data and analysis)",
    "order": 5,
    "method": "hno",
    "sub_method": "ethos"
  }
},
{
  "model": "ary.scorequestionnairesector",
  "pk": 12,
  "fields": {
    "template": 1,
    "title": "Transparency between actors",
    "order": 6,
    "method": "hno",
    "sub_method": "ethos"
  }
},
{
  "model": "ary.scorequestionnairesector",
  "pk": 13,
  "fields": {
    "template": 1,
    "title": "Minimum technical standards",
    "order": 7,
    "method": "hno",
    "sub_method": "ethos"
  }
},
{
  "model": "ary.scorequestionnairesector",
  "pk": 14,
  "fields": {
    "template": 1,
    "title": "Relevance",
    "order": 1,
    "method": "cna",
    "sub_method": "criteria"
  }
},
{
  "model": "ary.scorequestionnairesector",
  "pk": 15,
  "fields": {
    "template": 1,
    "title": "Comprehensiveness",
    "order": 2,
    "method": "cna",
    "sub_method": "criteria"
  }
},
{
  "model": "ary.scorequestionnairesector",
  "pk": 16,
  "fields": {
    "template": 1,
    "title": "Ethics",
    "order": 3,
    "method": "cna",
    "sub_method": "criteria"
  }
},
{
  "model": "ary.scorequestionnairesector",
  "pk": 17,
  "fields": {
    "template": 1,
    "title": "Methodological rigor",
    "order": 4,
    "method": "cna",
    "sub_method": "criteria"
  }
},
{
  "model": "ary.scorequestionnairesector",
  "pk": 18,
  "fields": {
    "template": 1,
    "title": "Analytical value",
    "order": 5,
    "method": "cna",
    "sub_method": "criteria"
  }
},
{
  "model": "ary.scorequestionnairesector",
  "pk": 19,
  "fields": {
    "template": 1,
    "title": "Timeliness",
    "order": 6,
    "method": "cna",
    "sub_method": "criteria"
  }
},
{
  "model": "ary.scorequestionnairesector",
  "pk": 20,
  "fields": {
    "template": 1,
    "title": "Effective communication",
    "order": 7,
    "method": "cna",
    "sub_method": "criteria"
  }
},
{
  "model": "ary.scorequestionnairesector",
  "pk": 21,
  "fields": {
    "template": 1,
    "title": "Use",
    "order": 8,
    "method": "cna",
    "sub_method": "criteria"
  }
},
{
  "model": "ary.scorequestionnairesector",
  "pk": 22,
  "fields": {
    "template": 1,
    "title": "People-centred and inclusive",
    "order": 1,
    "method": "cna",
    "sub_method": "ethos"
  }
},
{
  "model": "ary.scorequestionnairesector",
  "pk": 23,
  "fields": {
    "template": 1,
    "title": "Accountability to Affected Populations",
    "order": 2,
    "method": "cna",
    "sub_method": "ethos"
  }
},
{
  "model": "ary.scorequestionnairesector",
  "pk": 24,
  "fields": {
    "template": 1,
    "title": "Do no harm",
    "order": 3,
    "method": "cna",
    "sub_method": "ethos"
  }
},
{
  "model": "ary.scorequestionnairesector",
  "pk": 25,
  "fields": {
    "template": 1,
    "title": "Designed with a purpose",
    "order": 4,
    "method": "cna",
    "sub_method": "ethos"
  }
},
{
  "model": "ary.scorequestionnairesector",
  "pk": 26,
  "fields": {
    "template": 1,
    "title": "Competency and capacity",
    "order": 5,
    "method": "cna",
    "sub_method": "ethos"
  }
},
{
  "model": "ary.scorequestionnairesector",
  "pk": 27,
  "fields": {
    "template": 1,
    "title": "Impartiality",
    "order": 6,
    "method": "cna",
    "sub_method": "ethos"
  }
},
{
  "model": "ary.scorequestionnairesector",
  "pk": 28,
  "fields": {
    "template": 1,
    "title": "Coordination and data minimization",
    "order": 7,
    "method": "cna",
    "sub_method": "ethos"
  }
},
{
  "model": "ary.scorequestionnairesector",
  "pk": 29,
  "fields": {
    "template": 1,
    "title": "Joint analysis",
    "order": 8,
    "method": "cna",
    "sub_method": "ethos"
  }
},
{
  "model": "ary.scorequestionnairesector",
  "pk": 30,
  "fields": {
    "template": 1,
    "title": "Acknowledge dissenting voices in joint needs analysis",
    "order": 9,
    "method": "cna",
    "sub_method": "ethos"
  }
},
{
  "model": "ary.scorequestionnairesector",
  "pk": 31,
  "fields": {
    "template": 1,
    "title": "Informed consent, confidentiality and data security",
    "order": 10,
    "method": "cna",
    "sub_method": "ethos"
  }
},
{
  "model": "ary.scorequestionnairesector",
  "pk": 32,
  "fields": {
    "template": 1,
    "title": "Sharing results (data and analysis)",
    "order": 11,
    "method": "cna",
    "sub_method": "ethos"
  }
},
{
  "model": "ary.scorequestionnairesector",
  "pk": 33,
  "fields": {
    "template": 1,
    "title": "Transparency between actors",
    "order": 12,
    "method": "cna",
    "sub_method": "ethos"
  }
},
{
  "model": "ary.scorequestionnairesector",
  "pk": 34,
  "fields": {
    "template": 1,
    "title": "Minimum technical standards",
    "order": 13,
    "method": "cna",
    "sub_method": "ethos"
  }
},
{
  "model": "ary.scorequestionnairesubsector",
  "pk": 1,
  "fields": {
    "title": "Sources",
    "order": 1,
    "sector": 1
  }
},
{
  "model": "ary.scorequestionnairesubsector",
  "pk": 2,
  "fields": {
    "title": "Geographic comprehensiveness",
    "order": 2,
    "sector": 1
  }
},
{
  "model": "ary.scorequestionnairesubsector",
  "pk": 3,
  "fields": {
    "title": "Sectoral comprehensiveness",
    "order": 3,
    "sector": 1
  }
},
{
  "model": "ary.scorequestionnairesubsector",
  "pk": 4,
  "fields": {
    "title": "Affected and vulnerable groups comprehensiveness",
    "order": 4,
    "sector": 1
  }
},
{
  "model": "ary.scorequestionnairesubsector",
  "pk": 5,
  "fields": {
    "title": "Transparency",
    "order": 1,
    "sector": 2
  }
},
{
  "model": "ary.scorequestionnairesubsector",
  "pk": 6,
  "fields": {
    "title": "Mitigating bias",
    "order": 2,
    "sector": 2
  }
},
{
  "model": "ary.scorequestionnairesubsector",
  "pk": 7,
  "fields": {
    "title": "Participation",
    "order": 3,
    "sector": 2
  }
},
{
  "model": "ary.scorequestionnairesubsector",
  "pk": 8,
  "fields": {
    "title": "Analytical standards",
    "order": 1,
    "sector": 3
  }
},
{
  "model": "ary.scorequestionnairesubsector",
  "pk": 9,
  "fields": {
    "title": "Description",
    "order": 2,
    "sector": 3
  }
},
{
  "model": "ary.scorequestionnairesubsector",
  "pk": 10,
  "fields": {
    "title": "Explanation",
    "order": 3,
    "sector": 3
  }
},
{
  "model": "ary.scorequestionnairesubsector",
  "pk": 11,
  "fields": {
    "title": "Interpretation",
    "order": 4,
    "sector": 3
  }
},
{
  "model": "ary.scorequestionnairesubsector",
  "pk": 12,
  "fields": {
    "title": "Anticipation",
    "order": 5,
    "sector": 3
  }
},
{
  "model": "ary.scorequestionnairesubsector",
  "pk": 13,
  "fields": {
    "title": "Timeliness",
    "order": 1,
    "sector": 4
  }
},
{
  "model": "ary.scorequestionnairesubsector",
  "pk": 14,
  "fields": {
    "title": "User-friendly presentation",
    "order": 1,
    "sector": 5
  }
},
{
  "model": "ary.scorequestionnairesubsector",
  "pk": 15,
  "fields": {
    "title": "Active dissemination",
    "order": 2,
    "sector": 5
  }
},
{
  "model": "ary.scorequestionnairesubsector",
  "pk": 16,
  "fields": {
    "title": "Use for collective planning",
    "order": 1,
    "sector": 6
  }
},
{
  "model": "ary.scorequestionnairesubsector",
  "pk": 17,
  "fields": {
    "title": "Buy-in and use by humanitarian clusters / sectors",
    "order": 2,
    "sector": 6
  }
},
{
  "model": "ary.scorequestionnairesubsector",
  "pk": 18,
  "fields": {
    "title": "Buy-in and use by UN agencies",
    "order": 3,
    "sector": 6
  }
},
{
  "model": "ary.scorequestionnairesubsector",
  "pk": 19,
  "fields": {
    "title": "Buy-in and use by international non-governmental organizations (INGOs)",
    "order": 4,
    "sector": 6
  }
},
{
  "model": "ary.scorequestionnairesubsector",
  "pk": 20,
  "fields": {
    "title": "Buy-in and use by local non-governmental organizations (local NGOs)",
    "order": 5,
    "sector": 6
  }
},
{
  "model": "ary.scorequestionnairesubsector",
  "pk": 21,
  "fields": {
    "title": "Buy-in and use by members of the Red Cross / Red Crescent Movement",
    "order": 6,
    "sector": 6
  }
},
{
  "model": "ary.scorequestionnairesubsector",
  "pk": 22,
  "fields": {
    "title": "Buy-in and use by donors",
    "order": 7,
    "sector": 6
  }
},
{
  "model": "ary.scorequestionnairesubsector",
  "pk": 23,
  "fields": {
    "title": "Buy-in and use by national and local government agencies",
    "order": 8,
    "sector": 6
  }
},
{
  "model": "ary.scorequestionnairesubsector",
  "pk": 24,
  "fields": {
    "title": "Buy-in and use by development and stabilization actors",
    "order": 9,
    "sector": 6
  }
},
{
  "model": "ary.scorequestionnairesubsector",
  "pk": 25,
  "fields": {
    "title": "Affected and vulnerable groups comprehensiveness",
    "order": 1,
    "sector": 7
  }
},
{
  "model": "ary.scorequestionnairesubsector",
  "pk": 26,
  "fields": {
    "title": "Participation",
    "order": 2,
    "sector": 7
  }
},
{
  "model": "ary.scorequestionnairesubsector",
  "pk": 27,
  "fields": {
    "title": "Participation",
    "order": 1,
    "sector": 8
  }
},
{
  "model": "ary.scorequestionnairesubsector",
  "pk": 28,
  "fields": {
    "title": "Description",
    "order": 2,
    "sector": 8
  }
},
{
  "model": "ary.scorequestionnairesubsector",
  "pk": 29,
  "fields": {
    "title": "Active dissemination",
    "order": 3,
    "sector": 8
  }
},
{
  "model": "ary.scorequestionnairesubsector",
  "pk": 30,
  "fields": {
    "title": "Mitigating bias",
    "order": 1,
    "sector": 9
  }
},
{
  "model": "ary.scorequestionnairesubsector",
  "pk": 31,
  "fields": {
    "title": "Analytical standards",
    "order": 2,
    "sector": 9
  }
},
{
  "model": "ary.scorequestionnairesubsector",
  "pk": 32,
  "fields": {
    "title": "Analytical standards",
    "order": 1,
    "sector": 10
  }
},
{
  "model": "ary.scorequestionnairesubsector",
  "pk": 33,
  "fields": {
    "title": "Active dissemination",
    "order": 1,
    "sector": 11
  }
},
{
  "model": "ary.scorequestionnairesubsector",
  "pk": 34,
  "fields": {
    "title": "Transparency",
    "order": 1,
    "sector": 12
  }
},
{
  "model": "ary.scorequestionnairesubsector",
  "pk": 35,
  "fields": {
    "title": "Analytical standards",
    "order": 2,
    "sector": 12
  }
},
{
  "model": "ary.scorequestionnairesubsector",
  "pk": 36,
  "fields": {
    "title": "Mitigating bias",
    "order": 1,
    "sector": 13
  }
},
{
  "model": "ary.scorequestionnairesubsector",
  "pk": 37,
  "fields": {
    "title": "Analytical standards",
    "order": 2,
    "sector": 13
  }
},
{
  "model": "ary.scorequestionnairesubsector",
  "pk": 38,
  "fields": {
    "title": "Relevance",
    "order": 1,
    "sector": 14
  }
},
{
  "model": "ary.scorequestionnairesubsector",
  "pk": 39,
  "fields": {
    "title": "Geographic comprehensiveness",
    "order": 1,
    "sector": 15
  }
},
{
  "model": "ary.scorequestionnairesubsector",
  "pk": 40,
  "fields": {
    "title": "Sectoral comprehensiveness",
    "order": 2,
    "sector": 15
  }
},
{
  "model": "ary.scorequestionnairesubsector",
  "pk": 41,
  "fields": {
    "title": "Affected and vulnerable groups comprehensiveness",
    "order": 3,
    "sector": 15
  }
},
{
  "model": "ary.scorequestionnairesubsector",
  "pk": 42,
  "fields": {
    "title": "Safety and protection",
    "order": 1,
    "sector": 16
  }
},
{
  "model": "ary.scorequestionnairesubsector",
  "pk": 43,
  "fields": {
    "title": "Humanitarian principles",
    "order": 2,
    "sector": 16
  }
},
{
  "model": "ary.scorequestionnairesubsector",
  "pk": 44,
  "fields": {
    "title": "Contribution",
    "order": 3,
    "sector": 16
  }
},
{
  "model": "ary.scorequestionnairesubsector",
  "pk": 45,
  "fields": {
    "title": "Transparency",
    "order": 1,
    "sector": 17
  }
},
{
  "model": "ary.scorequestionnairesubsector",
  "pk": 46,
  "fields": {
    "title": "Mitigating bias",
    "order": 2,
    "sector": 17
  }
},
{
  "model": "ary.scorequestionnairesubsector",
  "pk": 47,
  "fields": {
    "title": "Participation",
    "order": 3,
    "sector": 17
  }
},
{
  "model": "ary.scorequestionnairesubsector",
  "pk": 48,
  "fields": {
    "title": "Context specificity",
    "order": 4,
    "sector": 17
  }
},
{
  "model": "ary.scorequestionnairesubsector",
  "pk": 49,
  "fields": {
    "title": "Analytical standards",
    "order": 1,
    "sector": 18
  }
},
{
  "model": "ary.scorequestionnairesubsector",
  "pk": 50,
  "fields": {
    "title": "Description",
    "order": 2,
    "sector": 18
  }
},
{
  "model": "ary.scorequestionnairesubsector",
  "pk": 51,
  "fields": {
    "title": "Explanation",
    "order": 3,
    "sector": 18
  }
},
{
  "model": "ary.scorequestionnairesubsector",
  "pk": 52,
  "fields": {
    "title": "Interpretation",
    "order": 4,
    "sector": 18
  }
},
{
  "model": "ary.scorequestionnairesubsector",
  "pk": 53,
  "fields": {
    "title": "Anticipation",
    "order": 5,
    "sector": 18
  }
},
{
  "model": "ary.scorequestionnairesubsector",
  "pk": 54,
  "fields": {
    "title": "Timeliness",
    "order": 1,
    "sector": 19
  }
},
{
  "model": "ary.scorequestionnairesubsector",
  "pk": 55,
  "fields": {
    "title": "User-friendly presentation",
    "order": 1,
    "sector": 20
  }
},
{
  "model": "ary.scorequestionnairesubsector",
  "pk": 56,
  "fields": {
    "title": "Active dissemination",
    "order": 2,
    "sector": 20
  }
},
{
  "model": "ary.scorequestionnairesubsector",
  "pk": 57,
  "fields": {
    "title": "Use for collective planning",
    "order": 1,
    "sector": 21
  }
},
{
  "model": "ary.scorequestionnairesubsector",
  "pk": 58,
  "fields": {
    "title": "Buy-in and use by humanitarian clusters / sectors",
    "order": 2,
    "sector": 21
  }
},
{
  "model": "ary.scorequestionnairesubsector",
  "pk": 59,
  "fields": {
    "title": "Buy-in and use by UN agencies",
    "order": 3,
    "sector": 21
  }
},
{
  "model": "ary.scorequestionnairesubsector",
  "pk": 60,
  "fields": {
    "title": "Buy-in and use by international non-governmental organizations (INGOs)",
    "order": 4,
    "sector": 21
  }
},
{
  "model": "ary.scorequestionnairesubsector",
  "pk": 61,
  "fields": {
    "title": "Buy-in and use by local non-governmental organizations (local NGOs)",
    "order": 5,
    "sector": 21
  }
},
{
  "model": "ary.scorequestionnairesubsector",
  "pk": 62,
  "fields": {
    "title": "Buy-in and use by members of the Red Cross / Red Crescent Movement",
    "order": 6,
    "sector": 21
  }
},
{
  "model": "ary.scorequestionnairesubsector",
  "pk": 63,
  "fields": {
    "title": "Buy-in and use by donors",
    "order": 7,
    "sector": 21
  }
},
{
  "model": "ary.scorequestionnairesubsector",
  "pk": 64,
  "fields": {
    "title": "Buy-in and use by national and local government agencies",
    "order": 8,
    "sector": 21
  }
},
{
  "model": "ary.scorequestionnairesubsector",
  "pk": 65,
  "fields": {
    "title": "Buy-in and use by development and stabilization actors",
    "order": 9,
    "sector": 21
  }
},
{
  "model": "ary.scorequestionnairesubsector",
  "pk": 66,
  "fields": {
    "title": "Affected and vulnerable groups comprehensiveness",
    "order": 1,
    "sector": 22
  }
},
{
  "model": "ary.scorequestionnairesubsector",
  "pk": 67,
  "fields": {
    "title": "Safety and protection",
    "order": 2,
    "sector": 22
  }
},
{
  "model": "ary.scorequestionnairesubsector",
  "pk": 68,
  "fields": {
    "title": "Participation",
    "order": 3,
    "sector": 22
  }
},
{
  "model": "ary.scorequestionnairesubsector",
  "pk": 69,
  "fields": {
    "title": "Context specificity",
    "order": 4,
    "sector": 22
  }
},
{
  "model": "ary.scorequestionnairesubsector",
  "pk": 70,
  "fields": {
    "title": "Participation",
    "order": 1,
    "sector": 23
  }
},
{
  "model": "ary.scorequestionnairesubsector",
  "pk": 71,
  "fields": {
    "title": "Context specificity",
    "order": 2,
    "sector": 23
  }
},
{
  "model": "ary.scorequestionnairesubsector",
  "pk": 72,
  "fields": {
    "title": "Description",
    "order": 3,
    "sector": 23
  }
},
{
  "model": "ary.scorequestionnairesubsector",
  "pk": 73,
  "fields": {
    "title": "Active dissemination",
    "order": 4,
    "sector": 23
  }
},
{
  "model": "ary.scorequestionnairesubsector",
  "pk": 74,
  "fields": {
    "title": "Safety and protection",
    "order": 1,
    "sector": 24
  }
},
{
  "model": "ary.scorequestionnairesubsector",
  "pk": 75,
  "fields": {
    "title": "Relevance",
    "order": 1,
    "sector": 25
  }
},
{
  "model": "ary.scorequestionnairesubsector",
  "pk": 76,
  "fields": {
    "title": "Safety and protection",
    "order": 1,
    "sector": 26
  }
},
{
  "model": "ary.scorequestionnairesubsector",
  "pk": 77,
  "fields": {
    "title": "Context specificity",
    "order": 2,
    "sector": 26
  }
},
{
  "model": "ary.scorequestionnairesubsector",
  "pk": 78,
  "fields": {
    "title": "Humanitarian principles",
    "order": 1,
    "sector": 27
  }
},
{
  "model": "ary.scorequestionnairesubsector",
  "pk": 79,
  "fields": {
    "title": "Relevance",
    "order": 1,
    "sector": 28
  }
},
{
  "model": "ary.scorequestionnairesubsector",
  "pk": 80,
  "fields": {
    "title": "Contribution",
    "order": 2,
    "sector": 28
  }
},
{
  "model": "ary.scorequestionnairesubsector",
  "pk": 81,
  "fields": {
    "title": "Mitigating bias",
    "order": 1,
    "sector": 29
  }
},
{
  "model": "ary.scorequestionnairesubsector",
  "pk": 82,
  "fields": {
    "title": "Analytical standards",
    "order": 2,
    "sector": 29
  }
},
{
  "model": "ary.scorequestionnairesubsector",
  "pk": 83,
  "fields": {
    "title": "Analytical standards",
    "order": 1,
    "sector": 30
  }
},
{
  "model": "ary.scorequestionnairesubsector",
  "pk": 84,
  "fields": {
    "title": "Safety and protection",
    "order": 1,
    "sector": 31
  }
},
{
  "model": "ary.scorequestionnairesubsector",
  "pk": 85,
  "fields": {
    "title": "Active dissemination",
    "order": 1,
    "sector": 32
  }
},
{
  "model": "ary.scorequestionnairesubsector",
  "pk": 86,
  "fields": {
    "title": "Transparency",
    "order": 1,
    "sector": 33
  }
},
{
  "model": "ary.scorequestionnairesubsector",
  "pk": 87,
  "fields": {
    "title": "Analytical standards",
    "order": 2,
    "sector": 33
  }
},
{
  "model": "ary.scorequestionnairesubsector",
  "pk": 88,
  "fields": {
    "title": "Mitigating bias",
    "order": 1,
    "sector": 34
  }
},
{
  "model": "ary.scorequestionnairesubsector",
  "pk": 89,
  "fields": {
    "title": "Analytical standards",
    "order": 2,
    "sector": 34
  }
},
{
  "model": "ary.scorescale",
  "pk": 1,
  "fields": {
    "template": 1,
    "title": "Very poor",
    "color": "#9cc2e5",
    "value": 1,
    "default": false
  }
},
{
  "model": "ary.scorescale",
  "pk": 2,
  "fields": {
    "template": 1,
    "title": "Poor",
    "color": "#bdd6ee",
    "value": 2,
    "default": false
  }
},
{
  "model": "ary.scorescale",
  "pk": 3,
  "fields": {
    "template": 1,
    "title": "Fair",
    "color": "#deeaf6",
    "value": 3,
    "default": true
  }
},
{
  "model": "ary.scorescale",
  "pk": 4,
  "fields": {
    "template": 1,
    "title": "Good",
    "color": "#e2efd9",
    "value": 4,
    "default": false
  }
},
{
  "model": "ary.scorescale",
  "pk": 5,
  "fields": {
    "template": 1,
    "title": "Very good",
    "color": "#a8d08d",
    "value": 5,
    "default": false
  }
},
{
  "model": "ary.sector",
  "pk": 1,
  "fields": {
    "template": 1,
    "title": "Food",
    "order": 1
  }
},
{
  "model": "ary.sector",
  "pk": 2,
  "fields": {
    "template": 1,
    "title": "Health",
    "order": 2
  }
},
{
  "model": "ary.sector",
  "pk": 3,
  "fields": {
    "template": 1,
    "title": "Shelter",
    "order": 3
  }
},
{
  "model": "ary.sector",
  "pk": 4,
  "fields": {
    "template": 1,
    "title": "NFI",
    "order": 4
  }
},
{
  "model": "ary.sector",
  "pk": 7,
  "fields": {
    "template": 1,
    "title": "Nutrition",
    "order": 7
  }
},
{
  "model": "ary.sector",
  "pk": 8,
  "fields": {
    "template": 1,
    "title": "WASH",
    "order": 5
  }
},
{
  "model": "ary.sector",
  "pk": 9,
  "fields": {
    "template": 1,
    "title": "Protection",
    "order": 7
  }
},
{
  "model": "ary.sector",
  "pk": 10,
  "fields": {
    "template": 1,
    "title": "Education",
    "order": 9
  }
},
{
  "model": "ary.sector",
  "pk": 11,
  "fields": {
    "template": 1,
    "title": "Livelihood",
    "order": 8
  }
},
{
  "model": "ary.sector",
  "pk": 12,
  "fields": {
    "template": 1,
    "title": "Child Protection",
    "order": 10
  }
},
{
  "model": "ary.sector",
  "pk": 45,
  "fields": {
    "template": 1,
    "title": "Gender Based Violence",
    "order": 11
  }
},
{
  "model": "ary.specificneedgroup",
  "pk": 1,
  "fields": {
    "template": 1,
    "title": "Female Head of Household",
    "order": 1
  }
},
{
  "model": "ary.specificneedgroup",
  "pk": 2,
  "fields": {
    "template": 1,
    "title": "Child Head of Household",
    "order": 2
  }
},
{
  "model": "ary.specificneedgroup",
  "pk": 3,
  "fields": {
    "template": 1,
    "title": "Elderly Head of Household",
    "order": 3
  }
},
{
  "model": "ary.specificneedgroup",
  "pk": 4,
  "fields": {
    "template": 1,
    "title": "Single Women (including widows)",
    "order": 4
  }
},
{
  "model": "ary.specificneedgroup",
  "pk": 5,
  "fields": {
    "template": 1,
    "title": "Chronically Ill",
    "order": 5
  }
},
{
  "model": "ary.specificneedgroup",
  "pk": 6,
  "fields": {
    "template": 1,
    "title": "Unnacompanied Children (without caregivers)",
    "order": 6
  }
},
{
  "model": "ary.specificneedgroup",
  "pk": 7,
  "fields": {
    "template": 1,
    "title": "Separated children",
    "order": 7
  }
},
{
  "model": "ary.specificneedgroup",
  "pk": 8,
  "fields": {
    "template": 1,
    "title": "Minorities",
    "order": 8
  }
},
{
  "model": "ary.specificneedgroup",
  "pk": 9,
  "fields": {
    "template": 1,
    "title": "Person with Disabilities",
    "order": 9
  }
},
{
  "model": "ary.specificneedgroup",
  "pk": 10,
  "fields": {
    "template": 1,
    "title": "Pregnant or Lactating Women",
    "order": 10
  }
},
{
  "model": "ary.specificneedgroup",
  "pk": 11,
  "fields": {
    "template": 1,
    "title": "Unregistered Refugee",
    "order": 11
  }
},
{
  "model": "ary.underlyingfactor",
  "pk": 1,
  "fields": {
    "template": 1,
    "title": "Availability",
    "order": 1,
    "parent": null
  }
},
{
  "model": "ary.underlyingfactor",
  "pk": 2,
  "fields": {
    "template": 1,
    "title": "Production",
    "order": 1,
    "parent": 1
  }
},
{
  "model": "ary.underlyingfactor",
  "pk": 3,
  "fields": {
    "template": 1,
    "title": "Trade",
    "order": 1,
    "parent": 1
  }
},
{
  "model": "ary.underlyingfactor",
  "pk": 4,
  "fields": {
    "template": 1,
    "title": "Stock",
    "order": 1,
    "parent": 1
  }
},
{
  "model": "ary.underlyingfactor",
  "pk": 5,
  "fields": {
    "template": 1,
    "title": "Transfer",
    "order": 1,
    "parent": 1
  }
},
{
  "model": "ary.underlyingfactor",
  "pk": 6,
  "fields": {
    "template": 1,
    "title": "Access",
    "order": 1,
    "parent": null
  }
},
{
  "model": "ary.underlyingfactor",
  "pk": 7,
  "fields": {
    "template": 1,
    "title": "Physical",
    "order": 1,
    "parent": 6
  }
},
{
  "model": "ary.underlyingfactor",
  "pk": 8,
  "fields": {
    "template": 1,
    "title": "Financial",
    "order": 1,
    "parent": 6
  }
},
{
  "model": "ary.underlyingfactor",
  "pk": 9,
  "fields": {
    "template": 1,
    "title": "Security",
    "order": 1,
    "parent": 6
  }
},
{
  "model": "ary.underlyingfactor",
  "pk": 10,
  "fields": {
    "template": 1,
    "title": "Social discrimination",
    "order": 1,
    "parent": 6
  }
},
{
  "model": "ary.underlyingfactor",
  "pk": 11,
  "fields": {
    "template": 1,
    "title": "Quality",
    "order": 1,
    "parent": null
  }
},
{
  "model": "ary.underlyingfactor",
  "pk": 12,
  "fields": {
    "template": 1,
    "title": "Human resources",
    "order": 1,
    "parent": 11
  }
},
{
  "model": "ary.underlyingfactor",
  "pk": 13,
  "fields": {
    "template": 1,
    "title": "Safety",
    "order": 1,
    "parent": 11
  }
},
{
  "model": "ary.underlyingfactor",
  "pk": 14,
  "fields": {
    "template": 1,
    "title": "Reliability",
    "order": 1,
    "parent": 11
  }
},
{
  "model": "ary.underlyingfactor",
  "pk": 15,
  "fields": {
    "template": 1,
    "title": "Diversity",
    "order": 1,
    "parent": 11
  }
},
{
  "model": "ary.underlyingfactor",
  "pk": 16,
  "fields": {
    "template": 1,
    "title": "Dignity",
    "order": 1,
    "parent": 11
  }
},
{
  "model": "ary.underlyingfactor",
  "pk": 17,
  "fields": {
    "template": 1,
    "title": "Use",
    "order": 1,
    "parent": null
  }
},
{
  "model": "ary.underlyingfactor",
  "pk": 18,
  "fields": {
    "template": 1,
    "title": "Knowledge",
    "order": 1,
    "parent": 17
  }
},
{
  "model": "ary.underlyingfactor",
  "pk": 19,
  "fields": {
    "template": 1,
    "title": "Attitude",
    "order": 1,
    "parent": 17
  }
},
{
  "model": "ary.underlyingfactor",
  "pk": 20,
  "fields": {
    "template": 1,
    "title": "Practice",
    "order": 1,
    "parent": 17
  }
},
{
  "model": "ary.underlyingfactor",
  "pk": 21,
  "fields": {
    "template": 1,
    "title": "Awareness",
    "order": 1,
    "parent": null
  }
},
{
  "model": "ary.underlyingfactor",
  "pk": 22,
  "fields": {
    "template": 1,
    "title": "Message",
    "order": 1,
    "parent": 21
  }
},
{
  "model": "ary.underlyingfactor",
  "pk": 23,
  "fields": {
    "template": 1,
    "title": "Channel",
    "order": 1,
    "parent": 21
  }
},
{
  "model": "ary.underlyingfactor",
  "pk": 24,
  "fields": {
    "template": 1,
    "title": "Frequency",
    "order": 1,
    "parent": 21
  }
}
]
