[
    {
        "fields": {
            "client_id": null,
            "created_at": "2018-03-27T11:20:10.571Z",
            "created_by": null,
            "modified_at": "2018-11-11T05:12:15.812Z",
            "modified_by": null,
            "title": "Standard Assessment Template"
        },
        "model": "ary.assessmenttemplate",
        "pk": 1
    },
    {
        "fields": {
            "order": 4,
            "template": 1,
            "title": "Stakeholders"
        },
        "model": "ary.metadatagroup",
        "pk": 2
    },
    {
        "fields": {
            "order": 3,
            "template": 1,
            "title": "Dates"
        },
        "model": "ary.metadatagroup",
        "pk": 3
    },
    {
        "fields": {
            "order": 2,
            "template": 1,
            "title": "Details"
        },
        "model": "ary.metadatagroup",
        "pk": 5
    },
    {
        "fields": {
            "order": 1,
            "template": 1,
            "title": "Background"
        },
        "model": "ary.metadatagroup",
        "pk": 1
    },
    {
        "fields": {
            "field_type": "number",
            "group": 1,
            "is_required": false,
            "order": 7,
            "properties": null,
            "source_type": null,
            "title": "Cost estimates in USD",
            "tooltip": ""
        },
        "model": "ary.metadatafield",
        "pk": 7
    },
    {
        "fields": {
            "field_type": "number",
            "group": 5,
            "is_required": false,
            "order": 7,
            "properties": null,
            "source_type": null,
            "title": "Number of Pages",
            "tooltip": ""
        },
        "model": "ary.metadatafield",
        "pk": 19
    },
    {
        "fields": {
            "field_type": "multiselect",
            "group": 5,
            "is_required": false,
            "order": 6,
            "properties": null,
            "source_type": null,
            "title": "Language",
            "tooltip": ""
        },
        "model": "ary.metadatafield",
        "pk": 18
    },
    {
        "fields": {
            "field_type": "select",
            "group": 1,
            "is_required": false,
            "order": 6,
            "properties": null,
            "source_type": null,
            "title": "Coordination",
            "tooltip": ""
        },
        "model": "ary.metadatafield",
        "pk": 6
    },
    {
        "fields": {
            "field_type": "select",
            "group": 5,
            "is_required": false,
            "order": 5,
            "properties": null,
            "source_type": null,
            "title": "Confidentiality",
            "tooltip": ""
        },
        "model": "ary.metadatafield",
        "pk": 17
    },
    {
        "fields": {
            "field_type": "multiselect",
            "group": 1,
            "is_required": false,
            "order": 5,
            "properties": null,
            "source_type": null,
            "title": "External Support",
            "tooltip": ""
        },
        "model": "ary.metadatafield",
        "pk": 4
    },
    {
        "fields": {
            "field_type": "multiselect",
            "group": 2,
            "is_required": false,
            "order": 4,
            "properties": null,
            "source_type": "organizations",
            "title": "National Partners",
            "tooltip": ""
        },
        "model": "ary.metadatafield",
        "pk": 22
    },
    {
        "fields": {
            "field_type": "multiselect",
            "group": 2,
            "is_required": false,
            "order": 4,
            "properties": null,
            "source_type": "organizations",
            "title": "Government",
            "tooltip": ""
        },
        "model": "ary.metadatafield",
        "pk": 10
    },
    {
        "fields": {
            "field_type": "select",
            "group": 5,
            "is_required": false,
            "order": 4,
            "properties": null,
            "source_type": null,
            "title": "Frequency",
            "tooltip": ""
        },
        "model": "ary.metadatafield",
        "pk": 16
    },
    {
        "fields": {
            "field_type": "select",
            "group": 1,
            "is_required": false,
            "order": 4,
            "properties": null,
            "source_type": null,
            "title": "Preparedness",
            "tooltip": ""
        },
        "model": "ary.metadatafield",
        "pk": 3
    },
    {
        "fields": {
            "field_type": "date",
            "group": 3,
            "is_required": false,
            "order": 3,
            "properties": null,
            "source_type": null,
            "title": "Publication Date",
            "tooltip": ""
        },
        "model": "ary.metadatafield",
        "pk": 14
    },
    {
        "fields": {
            "field_type": "date",
            "group": 1,
            "is_required": false,
            "order": 3,
            "properties": null,
            "source_type": null,
            "title": "Crisis Start Date",
            "tooltip": ""
        },
        "model": "ary.metadatafield",
        "pk": 2
    },
    {
        "fields": {
            "field_type": "multiselect",
            "group": 2,
            "is_required": false,
            "order": 3,
            "properties": null,
            "source_type": "donors",
            "title": "Donor",
            "tooltip": ""
        },
        "model": "ary.metadatafield",
        "pk": 11
    },
    {
        "fields": {
            "field_type": "select",
            "group": 5,
            "is_required": false,
            "order": 3,
            "properties": null,
            "source_type": null,
            "title": "Status",
            "tooltip": ""
        },
        "model": "ary.metadatafield",
        "pk": 15
    },
    {
        "fields": {
            "field_type": "select",
            "group": 5,
            "is_required": false,
            "order": 2,
            "properties": null,
            "source_type": null,
            "title": "Family",
            "tooltip": ""
        },
        "model": "ary.metadatafield",
        "pk": 21
    },
    {
        "fields": {
            "field_type": "date",
            "group": 3,
            "is_required": false,
            "order": 2,
            "properties": null,
            "source_type": null,
            "title": "Data Collection End Date",
            "tooltip": ""
        },
        "model": "ary.metadatafield",
        "pk": 13
    },
    {
        "fields": {
            "field_type": "multiselect",
            "group": 2,
            "is_required": false,
            "order": 2,
            "properties": null,
            "source_type": "organizations",
            "title": "International Partners",
            "tooltip": ""
        },
        "model": "ary.metadatafield",
        "pk": 9
    },
    {
        "fields": {
            "field_type": "select",
            "group": 1,
            "is_required": false,
            "order": 2,
            "properties": null,
            "source_type": null,
            "title": "Crisis Type",
            "tooltip": ""
        },
        "model": "ary.metadatafield",
        "pk": 1
    },
    {
        "fields": {
            "field_type": "select",
            "group": 5,
            "is_required": false,
            "order": 1,
            "properties": null,
            "source_type": null,
            "title": "Type",
            "tooltip": "Type"
        },
        "model": "ary.metadatafield",
        "pk": 20
    },
    {
        "fields": {
            "field_type": "multiselect",
            "group": 2,
            "is_required": false,
            "order": 1,
            "properties": null,
            "source_type": "organizations",
            "title": "Lead Organization",
            "tooltip": ""
        },
        "model": "ary.metadatafield",
        "pk": 8
    },
    {
        "fields": {
            "field_type": "date",
            "group": 3,
            "is_required": false,
            "order": 1,
            "properties": null,
            "source_type": null,
            "title": "Data Collection Start Date",
            "tooltip": ""
        },
        "model": "ary.metadatafield",
        "pk": 12
    },
    {
        "fields": {
            "field_type": "multiselect",
            "group": 1,
            "is_required": false,
            "order": 1,
            "properties": null,
            "source_type": "countries",
            "title": "Country",
            "tooltip": ""
        },
        "model": "ary.metadatafield",
        "pk": 26
    },
    {
        "fields": {
            "field": 1,
            "key": "27",
            "order": 27,
            "title": "Population displacement"
        },
        "model": "ary.metadataoption",
        "pk": 112
    },
    {
        "fields": {
            "field": 1,
            "key": "26",
            "order": 26,
            "title": "Conflict"
        },
        "model": "ary.metadataoption",
        "pk": 79
    },
    {
        "fields": {
            "field": 1,
            "key": "25",
            "order": 25,
            "title": "Wildfire"
        },
        "model": "ary.metadataoption",
        "pk": 25
    },
    {
        "fields": {
            "field": 1,
            "key": "24",
            "order": 24,
            "title": "Drought"
        },
        "model": "ary.metadataoption",
        "pk": 24
    },
    {
        "fields": {
            "field": 1,
            "key": "23",
            "order": 23,
            "title": "Extreme Weather Conditions"
        },
        "model": "ary.metadataoption",
        "pk": 23
    },
    {
        "fields": {
            "field": 1,
            "key": "22",
            "order": 22,
            "title": "Cold Wave"
        },
        "model": "ary.metadataoption",
        "pk": 22
    },
    {
        "fields": {
            "field": 1,
            "key": "21",
            "order": 21,
            "title": "Heat Wave"
        },
        "model": "ary.metadataoption",
        "pk": 21
    },
    {
        "fields": {
            "field": 1,
            "key": "20",
            "order": 20,
            "title": "Extreme Temperature"
        },
        "model": "ary.metadataoption",
        "pk": 20
    },
    {
        "fields": {
            "field": 1,
            "key": "19",
            "order": 19,
            "title": "Mass Movement (wet)"
        },
        "model": "ary.metadataoption",
        "pk": 19
    },
    {
        "fields": {
            "field": 1,
            "key": "18",
            "order": 18,
            "title": "Storm surge/Coastal Flood"
        },
        "model": "ary.metadataoption",
        "pk": 18
    },
    {
        "fields": {
            "field": 1,
            "key": "17",
            "order": 17,
            "title": "Flash Flood"
        },
        "model": "ary.metadataoption",
        "pk": 17
    },
    {
        "fields": {
            "field": 1,
            "key": "16",
            "order": 16,
            "title": "General River Flood"
        },
        "model": "ary.metadataoption",
        "pk": 16
    },
    {
        "fields": {
            "field": 1,
            "key": "15",
            "order": 15,
            "title": "Flood/Rain"
        },
        "model": "ary.metadataoption",
        "pk": 15
    },
    {
        "fields": {
            "field": 1,
            "key": "14",
            "order": 14,
            "title": "Extra Tropical Cyclone"
        },
        "model": "ary.metadataoption",
        "pk": 14
    },
    {
        "fields": {
            "field": 1,
            "key": "13",
            "order": 13,
            "title": "Local/Convective Strom"
        },
        "model": "ary.metadataoption",
        "pk": 13
    },
    {
        "fields": {
            "field": 1,
            "key": "12",
            "order": 12,
            "title": "Tropical Cyclone"
        },
        "model": "ary.metadataoption",
        "pk": 12
    },
    {
        "fields": {
            "field": 1,
            "key": "11",
            "order": 11,
            "title": "Extra Tropical Cyclone"
        },
        "model": "ary.metadataoption",
        "pk": 11
    },
    {
        "fields": {
            "field": 1,
            "key": "10",
            "order": 10,
            "title": "Subsidence"
        },
        "model": "ary.metadataoption",
        "pk": 10
    },
    {
        "fields": {
            "field": 1,
            "key": "9",
            "order": 9,
            "title": "Landslide"
        },
        "model": "ary.metadataoption",
        "pk": 9
    },
    {
        "fields": {
            "field": 21,
            "key": "9",
            "order": 9,
            "title": "Registration"
        },
        "model": "ary.metadataoption",
        "pk": 148
    },
    {
        "fields": {
            "field": 1,
            "key": "8",
            "order": 8,
            "title": "Avalance"
        },
        "model": "ary.metadataoption",
        "pk": 8
    },
    {
        "fields": {
            "field": 21,
            "key": "8",
            "order": 8,
            "title": "Briefing note"
        },
        "model": "ary.metadataoption",
        "pk": 147
    },
    {
        "fields": {
            "field": 1,
            "key": "7",
            "order": 7,
            "title": "Rockfall"
        },
        "model": "ary.metadataoption",
        "pk": 7
    },
    {
        "fields": {
            "field": 21,
            "key": "7",
            "order": 7,
            "title": "Humanitarian Needs Overview"
        },
        "model": "ary.metadataoption",
        "pk": 145
    },
    {
        "fields": {
            "field": 20,
            "key": "5",
            "order": 6,
            "title": "Other"
        },
        "model": "ary.metadataoption",
        "pk": 72
    },
    {
        "fields": {
            "field": 1,
            "key": "6",
            "order": 6,
            "title": "Mass Movement (Dry)"
        },
        "model": "ary.metadataoption",
        "pk": 6
    },
    {
        "fields": {
            "field": 21,
            "key": "6",
            "order": 6,
            "title": "Protection Monitoring"
        },
        "model": "ary.metadataoption",
        "pk": 113
    },
    {
        "fields": {
            "field": 20,
            "key": "6",
            "order": 5,
            "title": "Registration"
        },
        "model": "ary.metadataoption",
        "pk": 149
    },
    {
        "fields": {
            "field": 21,
            "key": "5",
            "order": 5,
            "title": "Comprehensive Food Security and Vulnerability Analysis"
        },
        "model": "ary.metadataoption",
        "pk": 78
    },
    {
        "fields": {
            "field": 18,
            "key": "5",
            "order": 5,
            "title": "Portuguese"
        },
        "model": "ary.metadataoption",
        "pk": 146
    },
    {
        "fields": {
            "field": 1,
            "key": "5",
            "order": 5,
            "title": "Volcanic Eruption"
        },
        "model": "ary.metadataoption",
        "pk": 5
    },
    {
        "fields": {
            "field": 21,
            "key": "4",
            "order": 4,
            "title": "Emergency Food Security Assessment"
        },
        "model": "ary.metadataoption",
        "pk": 77
    },
    {
        "fields": {
            "field": 20,
            "key": "4",
            "order": 4,
            "title": "Monitoring"
        },
        "model": "ary.metadataoption",
        "pk": 68
    },
    {
        "fields": {
            "field": 18,
            "key": "4",
            "order": 4,
            "title": "Arabic"
        },
        "model": "ary.metadataoption",
        "pk": 66
    },
    {
        "fields": {
            "field": 1,
            "key": "4",
            "order": 4,
            "title": "Volcano"
        },
        "model": "ary.metadataoption",
        "pk": 4
    },
    {
        "fields": {
            "field": 17,
            "key": "4",
            "order": 4,
            "title": "Confidential"
        },
        "model": "ary.metadataoption",
        "pk": 73
    },
    {
        "fields": {
            "field": 6,
            "key": "3",
            "order": 3,
            "title": "Uncoordinated"
        },
        "model": "ary.metadataoption",
        "pk": 39
    },
    {
        "fields": {
            "field": 17,
            "key": "3",
            "order": 3,
            "title": "Restricted"
        },
        "model": "ary.metadataoption",
        "pk": 60
    },
    {
        "fields": {
            "field": 6,
            "key": "2",
            "order": 3,
            "title": "Coordinated - Harmonized"
        },
        "model": "ary.metadataoption",
        "pk": 38
    },
    {
        "fields": {
            "field": 15,
            "key": "3",
            "order": 3,
            "title": "Completed"
        },
        "model": "ary.metadataoption",
        "pk": 55
    },
    {
        "fields": {
            "field": 21,
            "key": "3",
            "order": 3,
            "title": "Multi sectoral Needs Assessment"
        },
        "model": "ary.metadataoption",
        "pk": 76
    },
    {
        "fields": {
            "field": 7,
            "key": "3",
            "order": 3,
            "title": "3"
        },
        "model": "ary.metadataoption",
        "pk": 42
    },
    {
        "fields": {
            "field": 20,
            "key": "1",
            "order": 3,
            "title": "In-depth"
        },
        "model": "ary.metadataoption",
        "pk": 64
    },
    {
        "fields": {
            "field": 1,
            "key": "3",
            "order": 3,
            "title": "Tsunami"
        },
        "model": "ary.metadataoption",
        "pk": 3
    },
    {
        "fields": {
            "field": 18,
            "key": "3",
            "order": 3,
            "title": "Spanish"
        },
        "model": "ary.metadataoption",
        "pk": 63
    },
    {
        "fields": {
            "field": 4,
            "key": "2",
            "order": 2,
            "title": "No external support received"
        },
        "model": "ary.metadataoption",
        "pk": 30
    },
    {
        "fields": {
            "field": 3,
            "key": "2",
            "order": 2,
            "title": "Without preparedness"
        },
        "model": "ary.metadataoption",
        "pk": 27
    },
    {
        "fields": {
            "field": 10,
            "key": "2",
            "order": 2,
            "title": "Without government participation"
        },
        "model": "ary.metadataoption",
        "pk": 49
    },
    {
        "fields": {
            "field": 15,
            "key": "2",
            "order": 2,
            "title": "In progress"
        },
        "model": "ary.metadataoption",
        "pk": 54
    },
    {
        "fields": {
            "field": 16,
            "key": "2",
            "order": 2,
            "title": "Regular"
        },
        "model": "ary.metadataoption",
        "pk": 57
    },
    {
        "fields": {
            "field": 17,
            "key": "2",
            "order": 2,
            "title": "Protected"
        },
        "model": "ary.metadataoption",
        "pk": 59
    },
    {
        "fields": {
            "field": 18,
            "key": "2",
            "order": 2,
            "title": "French"
        },
        "model": "ary.metadataoption",
        "pk": 62
    },
    {
        "fields": {
            "field": 20,
            "key": "2",
            "order": 2,
            "title": "Rapid"
        },
        "model": "ary.metadataoption",
        "pk": 65
    },
    {
        "fields": {
            "field": 21,
            "key": "2",
            "order": 2,
            "title": "Multi Cluster Initial and Rapid Assessment"
        },
        "model": "ary.metadataoption",
        "pk": 75
    },
    {
        "fields": {
            "field": 22,
            "key": "no",
            "order": 2,
            "title": "Without local partner"
        },
        "model": "ary.metadataoption",
        "pk": 83
    },
    {
        "fields": {
            "field": 1,
            "key": "2",
            "order": 2,
            "title": "Ground Shaking"
        },
        "model": "ary.metadataoption",
        "pk": 2
    },
    {
        "fields": {
            "field": 7,
            "key": "2",
            "order": 2,
            "title": "2"
        },
        "model": "ary.metadataoption",
        "pk": 41
    },
    {
        "fields": {
            "field": 4,
            "key": "1",
            "order": 1,
            "title": "External support received"
        },
        "model": "ary.metadataoption",
        "pk": 29
    },
    {
        "fields": {
            "field": 7,
            "key": "1",
            "order": 1,
            "title": "1"
        },
        "model": "ary.metadataoption",
        "pk": 40
    },
    {
        "fields": {
            "field": 20,
            "key": "3",
            "order": 1,
            "title": "Initial"
        },
        "model": "ary.metadataoption",
        "pk": 67
    },
    {
        "fields": {
            "field": 1,
            "key": "1",
            "order": 1,
            "title": "Earthquake"
        },
        "model": "ary.metadataoption",
        "pk": 1
    },
    {
        "fields": {
            "field": 21,
            "key": "1",
            "order": 1,
            "title": "Displacement Tracking Matrix"
        },
        "model": "ary.metadataoption",
        "pk": 74
    },
    {
        "fields": {
            "field": 16,
            "key": "1",
            "order": 1,
            "title": "One off"
        },
        "model": "ary.metadataoption",
        "pk": 56
    },
    {
        "fields": {
            "field": 10,
            "key": "1",
            "order": 1,
            "title": "With government participation"
        },
        "model": "ary.metadataoption",
        "pk": 48
    },
    {
        "fields": {
            "field": 17,
            "key": "1",
            "order": 1,
            "title": "Unprotected"
        },
        "model": "ary.metadataoption",
        "pk": 58
    },
    {
        "fields": {
            "field": 6,
            "key": "1",
            "order": 1,
            "title": "Coordinated - Joint"
        },
        "model": "ary.metadataoption",
        "pk": 37
    },
    {
        "fields": {
            "field": 15,
            "key": "1",
            "order": 1,
            "title": "Planned"
        },
        "model": "ary.metadataoption",
        "pk": 53
    },
    {
        "fields": {
            "field": 18,
            "key": "1",
            "order": 1,
            "title": "English"
        },
        "model": "ary.metadataoption",
        "pk": 61
    },
    {
        "fields": {
            "field": 22,
            "key": "yes",
            "order": 1,
            "title": "With local partner"
        },
        "model": "ary.metadataoption",
        "pk": 82
    },
    {
        "fields": {
            "field": 3,
            "key": "1",
            "order": 1,
            "title": "With preparedness"
        },
        "model": "ary.metadataoption",
        "pk": 26
    },
    {
        "fields": {
            "order": 5,
            "template": 1,
            "title": "Unit of Reporting"
        },
        "model": "ary.methodologygroup",
        "pk": 5
    },
    {
        "fields": {
            "order": 4,
            "template": 1,
            "title": "Unit of Analysis"
        },
        "model": "ary.methodologygroup",
        "pk": 4
    },
    {
        "fields": {
            "order": 3,
            "template": 1,
            "title": "Proximity"
        },
        "model": "ary.methodologygroup",
        "pk": 3
    },
    {
        "fields": {
            "order": 2,
            "template": 1,
            "title": "Sampling"
        },
        "model": "ary.methodologygroup",
        "pk": 2
    },
    {
        "fields": {
            "order": 1,
            "template": 1,
            "title": "Collection Technique"
        },
        "model": "ary.methodologygroup",
        "pk": 1
    },
    {
        "fields": {
            "field_type": "number",
            "group": 2,
            "is_required": false,
            "order": 2,
            "properties": null,
            "source_type": null,
            "title": "Sampling Size",
            "tooltip": ""
        },
        "model": "ary.methodologyfield",
        "pk": 3
    },
    {
        "fields": {
            "field_type": "select",
            "group": 4,
            "is_required": false,
            "order": 1,
            "properties": null,
            "source_type": null,
            "title": "Unit of Analysis",
            "tooltip": ""
        },
        "model": "ary.methodologyfield",
        "pk": 5
    },
    {
        "fields": {
            "field_type": "select",
            "group": 1,
            "is_required": false,
            "order": 1,
            "properties": null,
            "source_type": null,
            "title": "Data Collection Technique",
            "tooltip": ""
        },
        "model": "ary.methodologyfield",
        "pk": 1
    },
    {
        "fields": {
            "field_type": "select",
            "group": 2,
            "is_required": false,
            "order": 1,
            "properties": null,
            "source_type": null,
            "title": "Sampling Approach",
            "tooltip": ""
        },
        "model": "ary.methodologyfield",
        "pk": 2
    },
    {
        "fields": {
            "field_type": "select",
            "group": 3,
            "is_required": false,
            "order": 1,
            "properties": null,
            "source_type": null,
            "title": "Proximity",
            "tooltip": ""
        },
        "model": "ary.methodologyfield",
        "pk": 4
    },
    {
        "fields": {
            "field_type": "select",
            "group": 5,
            "is_required": false,
            "order": 1,
            "properties": null,
            "source_type": null,
            "title": "Unit of reporting",
            "tooltip": ""
        },
        "model": "ary.methodologyfield",
        "pk": 6
    },
    {
        "fields": {
            "field": 5,
            "key": "12",
            "order": 12,
            "title": "Individual"
        },
        "model": "ary.methodologyoption",
        "pk": 66
    },
    {
        "fields": {
            "field": 6,
            "key": "11",
            "order": 11,
            "title": "Household"
        },
        "model": "ary.methodologyoption",
        "pk": 37
    },
    {
        "fields": {
            "field": 5,
            "key": "11",
            "order": 11,
            "title": "Household"
        },
        "model": "ary.methodologyoption",
        "pk": 24
    },
    {
        "fields": {
            "field": 6,
            "key": "10",
            "order": 10,
            "title": "Affected Group"
        },
        "model": "ary.methodologyoption",
        "pk": 36
    },
    {
        "fields": {
            "field": 5,
            "key": "10",
            "order": 10,
            "title": "Affected group"
        },
        "model": "ary.methodologyoption",
        "pk": 23
    },
    {
        "fields": {
            "field": 5,
            "key": "9",
            "order": 9,
            "title": "Community/Site"
        },
        "model": "ary.methodologyoption",
        "pk": 22
    },
    {
        "fields": {
            "field": 6,
            "key": "9",
            "order": 9,
            "title": "Community/Site"
        },
        "model": "ary.methodologyoption",
        "pk": 35
    },
    {
        "fields": {
            "field": 6,
            "key": "8",
            "order": 8,
            "title": "Neighborhood/Quartier"
        },
        "model": "ary.methodologyoption",
        "pk": 34
    },
    {
        "fields": {
            "field": 5,
            "key": "8",
            "order": 8,
            "title": "Neighborhood/Quartier"
        },
        "model": "ary.methodologyoption",
        "pk": 21
    },
    {
        "fields": {
            "field": 1,
            "key": "5",
            "order": 8,
            "title": "Individual Interview"
        },
        "model": "ary.methodologyoption",
        "pk": 14
    },
    {
        "fields": {
            "field": 6,
            "key": "7",
            "order": 7,
            "title": "Municipality"
        },
        "model": "ary.methodologyoption",
        "pk": 31
    },
    {
        "fields": {
            "field": 5,
            "key": "7",
            "order": 7,
            "title": "Municipality"
        },
        "model": "ary.methodologyoption",
        "pk": 20
    },
    {
        "fields": {
            "field": 1,
            "key": "4",
            "order": 7,
            "title": "Household Interview"
        },
        "model": "ary.methodologyoption",
        "pk": 13
    },
    {
        "fields": {
            "field": 6,
            "key": "6",
            "order": 6,
            "title": "Sub-District"
        },
        "model": "ary.methodologyoption",
        "pk": 28
    },
    {
        "fields": {
            "field": 5,
            "key": "6",
            "order": 6,
            "title": "Sub-District"
        },
        "model": "ary.methodologyoption",
        "pk": 19
    },
    {
        "fields": {
            "field": 1,
            "key": "6",
            "order": 5,
            "title": "Focus Group Discussion"
        },
        "model": "ary.methodologyoption",
        "pk": 15
    },
    {
        "fields": {
            "field": 5,
            "key": "5",
            "order": 5,
            "title": "Department/District"
        },
        "model": "ary.methodologyoption",
        "pk": 18
    },
    {
        "fields": {
            "field": 6,
            "key": "5",
            "order": 5,
            "title": "Department/district"
        },
        "model": "ary.methodologyoption",
        "pk": 27
    },
    {
        "fields": {
            "field": 6,
            "key": "4",
            "order": 4,
            "title": "Province/Governorate/Prefecture"
        },
        "model": "ary.methodologyoption",
        "pk": 26
    },
    {
        "fields": {
            "field": 5,
            "key": "4",
            "order": 4,
            "title": "Province/governorate/prefecture"
        },
        "model": "ary.methodologyoption",
        "pk": 17
    },
    {
        "fields": {
            "field": 1,
            "key": "7",
            "order": 4,
            "title": "Community Group Discussion"
        },
        "model": "ary.methodologyoption",
        "pk": 16
    },
    {
        "fields": {
            "field": 4,
            "key": "3",
            "order": 3,
            "title": "Mixed"
        },
        "model": "ary.methodologyoption",
        "pk": 33
    },
    {
        "fields": {
            "field": 6,
            "key": "3",
            "order": 3,
            "title": "Region"
        },
        "model": "ary.methodologyoption",
        "pk": 12
    },
    {
        "fields": {
            "field": 5,
            "key": "3",
            "order": 3,
            "title": "Region"
        },
        "model": "ary.methodologyoption",
        "pk": 10
    },
    {
        "fields": {
            "field": 1,
            "key": "3",
            "order": 3,
            "title": "Direct Observation"
        },
        "model": "ary.methodologyoption",
        "pk": 3
    },
    {
        "fields": {
            "field": 1,
            "key": "2",
            "order": 2,
            "title": "Key Informant Interview"
        },
        "model": "ary.methodologyoption",
        "pk": 2
    },
    {
        "fields": {
            "field": 6,
            "key": "2",
            "order": 2,
            "title": "Country"
        },
        "model": "ary.methodologyoption",
        "pk": 11
    },
    {
        "fields": {
            "field": 5,
            "key": "2",
            "order": 2,
            "title": "Country"
        },
        "model": "ary.methodologyoption",
        "pk": 9
    },
    {
        "fields": {
            "field": 4,
            "key": "2",
            "order": 2,
            "title": "Remote"
        },
        "model": "ary.methodologyoption",
        "pk": 8
    },
    {
        "fields": {
            "field": 2,
            "key": "2",
            "order": 2,
            "title": "Random Selection"
        },
        "model": "ary.methodologyoption",
        "pk": 5
    },
    {
        "fields": {
            "field": 6,
            "key": "1",
            "order": 1,
            "title": "Crisis"
        },
        "model": "ary.methodologyoption",
        "pk": 32
    },
    {
        "fields": {
            "field": 5,
            "key": "1",
            "order": 1,
            "title": "Crisis"
        },
        "model": "ary.methodologyoption",
        "pk": 30
    },
    {
        "fields": {
            "field": 4,
            "key": "1",
            "order": 1,
            "title": "Face-to-Face"
        },
        "model": "ary.methodologyoption",
        "pk": 7
    },
    {
        "fields": {
            "field": 2,
            "key": "1",
            "order": 1,
            "title": "Non-Random Selection"
        },
        "model": "ary.methodologyoption",
        "pk": 4
    },
    {
        "fields": {
            "field": 1,
            "key": "1",
            "order": 1,
            "title": "Secondary Data Review"
        },
        "model": "ary.methodologyoption",
        "pk": 1
    },
    {
        "fields": {
            "order": 11,
            "template": 1,
            "title": "Gender Based Violence"
        },
        "model": "ary.sector",
        "pk": 45
    },
    {
        "fields": {
            "order": 10,
            "template": 1,
            "title": "Child Protection"
        },
        "model": "ary.sector",
        "pk": 12
    },
    {
        "fields": {
            "order": 9,
            "template": 1,
            "title": "Education"
        },
        "model": "ary.sector",
        "pk": 10
    },
    {
        "fields": {
            "order": 8,
            "template": 1,
            "title": "Livelihood"
        },
        "model": "ary.sector",
        "pk": 11
    },
    {
        "fields": {
            "order": 7,
            "template": 1,
            "title": "Nutrition"
        },
        "model": "ary.sector",
        "pk": 7
    },
    {
        "fields": {
            "order": 7,
            "template": 1,
            "title": "Protection"
        },
        "model": "ary.sector",
        "pk": 9
    },
    {
        "fields": {
            "order": 5,
            "template": 1,
            "title": "WASH"
        },
        "model": "ary.sector",
        "pk": 8
    },
    {
        "fields": {
            "order": 3,
            "template": 1,
            "title": "Shelter"
        },
        "model": "ary.sector",
        "pk": 3
    },
    {
        "fields": {
            "order": 2,
            "template": 1,
            "title": "Health"
        },
        "model": "ary.sector",
        "pk": 2
    },
    {
        "fields": {
            "order": 1,
            "template": 1,
            "title": "Food"
        },
        "model": "ary.sector",
        "pk": 1
    },
    {
        "fields": {
            "order": 8,
            "template": 1,
            "title": "Cash"
        },
        "model": "ary.focus",
        "pk": 7
    },
    {
        "fields": {
            "order": 7,
            "template": 1,
            "title": "Displacement"
        },
        "model": "ary.focus",
        "pk": 42
    },
    {
        "fields": {
            "order": 7,
            "template": 1,
            "title": "Information and communication"
        },
        "model": "ary.focus",
        "pk": 41
    },
    {
        "fields": {
            "order": 7,
            "template": 1,
            "title": "Intentions"
        },
        "model": "ary.focus",
        "pk": 5
    },
    {
        "fields": {
            "order": 6,
            "template": 1,
            "title": "Damages"
        },
        "model": "ary.focus",
        "pk": 4
    },
    {
        "fields": {
            "order": 6,
            "template": 1,
            "title": "Market"
        },
        "model": "ary.focus",
        "pk": 6
    },
    {
        "fields": {
            "order": 5,
            "template": 1,
            "title": "Cross Sector"
        },
        "model": "ary.focus",
        "pk": 12
    },
    {
        "fields": {
            "order": 4,
            "template": 1,
            "title": "Response & Capacities"
        },
        "model": "ary.focus",
        "pk": 11
    },
    {
        "fields": {
            "order": 3,
            "template": 1,
            "title": "Humanitarian Access"
        },
        "model": "ary.focus",
        "pk": 8
    },
    {
        "fields": {
            "order": 2,
            "template": 1,
            "title": "Humanitarian Conditions"
        },
        "model": "ary.focus",
        "pk": 10
    },
    {
        "fields": {
            "order": 1,
            "template": 1,
            "title": "Scope & Scale"
        },
        "model": "ary.focus",
        "pk": 9
    },
    {
        "fields": {
            "order": 7,
            "parent": 2,
            "template": 1,
            "title": "In Transit"
        },
        "model": "ary.affectedgroup",
        "pk": 15
    },
    {
        "fields": {
            "order": 5,
            "parent": 2,
            "template": 1,
            "title": "Migrants"
        },
        "model": "ary.affectedgroup",
        "pk": 14
    },
    {
        "fields": {
            "order": 4,
            "parent": 8,
            "template": 1,
            "title": "Not Host"
        },
        "model": "ary.affectedgroup",
        "pk": 13
    },
    {
        "fields": {
            "order": 4,
            "parent": 8,
            "template": 1,
            "title": "Host"
        },
        "model": "ary.affectedgroup",
        "pk": 12
    },
    {
        "fields": {
            "order": 4,
            "parent": 2,
            "template": 1,
            "title": "Refugees"
        },
        "model": "ary.affectedgroup",
        "pk": 4
    },
    {
        "fields": {
            "order": 4,
            "parent": 2,
            "template": 1,
            "title": "Returnees"
        },
        "model": "ary.affectedgroup",
        "pk": 5
    },
    {
        "fields": {
            "order": 4,
            "parent": 2,
            "template": 1,
            "title": "Other of concerns"
        },
        "model": "ary.affectedgroup",
        "pk": 6
    },
    {
        "fields": {
            "order": 4,
            "parent": 2,
            "template": 1,
            "title": "Asylum Seekers"
        },
        "model": "ary.affectedgroup",
        "pk": 7
    },
    {
        "fields": {
            "order": 3,
            "parent": 2,
            "template": 1,
            "title": "IDPs"
        },
        "model": "ary.affectedgroup",
        "pk": 3
    },
    {
        "fields": {
            "order": 3,
            "parent": 1,
            "template": 1,
            "title": "Displaced"
        },
        "model": "ary.affectedgroup",
        "pk": 2
    },
    {
        "fields": {
            "order": 3,
            "parent": 1,
            "template": 1,
            "title": "Not Displaced"
        },
        "model": "ary.affectedgroup",
        "pk": 8
    },
    {
        "fields": {
            "order": 2,
            "parent": 9,
            "template": 1,
            "title": "Affected"
        },
        "model": "ary.affectedgroup",
        "pk": 1
    },
    {
        "fields": {
            "order": 2,
            "parent": 9,
            "template": 1,
            "title": "Not Affected"
        },
        "model": "ary.affectedgroup",
        "pk": 10
    },
    {
        "fields": {
            "order": 1,
            "parent": null,
            "template": 1,
            "title": "All"
        },
        "model": "ary.affectedgroup",
        "pk": 9
    },
    {
        "fields": {
            "order": 7,
            "parent": null,
            "template": 1,
            "title": "Livelihood"
        },
        "model": "ary.prioritysector",
        "pk": 7
    },
    {
        "fields": {
            "order": 6,
            "parent": null,
            "template": 1,
            "title": "Education"
        },
        "model": "ary.prioritysector",
        "pk": 6
    },
    {
        "fields": {
            "order": 5,
            "parent": null,
            "template": 1,
            "title": "Protection"
        },
        "model": "ary.prioritysector",
        "pk": 5
    },
    {
        "fields": {
            "order": 4,
            "parent": null,
            "template": 1,
            "title": "Health"
        },
        "model": "ary.prioritysector",
        "pk": 4
    },
    {
        "fields": {
            "order": 3,
            "parent": null,
            "template": 1,
            "title": "Shelter"
        },
        "model": "ary.prioritysector",
        "pk": 3
    },
    {
        "fields": {
            "order": 2,
            "parent": null,
            "template": 1,
            "title": "WASH"
        },
        "model": "ary.prioritysector",
        "pk": 2
    },
    {
        "fields": {
            "order": 1,
            "parent": null,
            "template": 1,
            "title": "Food"
        },
        "model": "ary.prioritysector",
        "pk": 1
    },
    {
        "fields": {
            "order": 5,
            "parent": 1,
            "template": 1,
            "title": "Violence against personnel, facilities and assets"
        },
        "model": "ary.priorityissue",
        "pk": 6
    },
    {
        "fields": {
            "order": 4,
            "parent": 1,
            "template": 1,
            "title": "Interference into implementation of humanitarian activities"
        },
        "model": "ary.priorityissue",
        "pk": 5
    },
    {
        "fields": {
            "order": 3,
            "parent": 1,
            "template": 1,
            "title": "Restriction of movement (impediments to freedom of movement and/or administrative restrictions)"
        },
        "model": "ary.priorityissue",
        "pk": 4
    },
    {
        "fields": {
            "order": 2,
            "parent": 1,
            "template": 1,
            "title": "Impediments to entry into country (bureaucratic and administrative)"
        },
        "model": "ary.priorityissue",
        "pk": 3
    },
    {
        "fields": {
            "order": 1,
            "parent": 7,
            "template": 1,
            "title": "Restriction and obstruction of access to services and assistance"
        },
        "model": "ary.priorityissue",
        "pk": 9
    },
    {
        "fields": {
            "order": 1,
            "parent": 7,
            "template": 1,
            "title": "Denial of existence of humanitarian needs or entitlements to assistance"
        },
        "model": "ary.priorityissue",
        "pk": 8
    },
    {
        "fields": {
            "order": 1,
            "parent": null,
            "template": 1,
            "title": "Access of People in need to Aid"
        },
        "model": "ary.priorityissue",
        "pk": 7
    },
    {
        "fields": {
            "order": 1,
            "parent": null,
            "template": 1,
            "title": "Access of Humanitarian Actors to Affected Populations"
        },
        "model": "ary.priorityissue",
        "pk": 1
    },
    {
        "fields": {
            "order": 1,
            "parent": 10,
            "template": 1,
            "title": "Presence of mines and improvised explosive devices"
        },
        "model": "ary.priorityissue",
        "pk": 12
    },
    {
        "fields": {
            "order": 1,
            "parent": 10,
            "template": 1,
            "title": "Ongoing insecurity/hostilities affecting humanitarian assistance"
        },
        "model": "ary.priorityissue",
        "pk": 11
    },
    {
        "fields": {
            "order": 1,
            "parent": null,
            "template": 1,
            "title": "Physical and Security Constraints"
        },
        "model": "ary.priorityissue",
        "pk": 10
    },
    {
        "fields": {
            "order": 1,
            "parent": 10,
            "template": 1,
            "title": "Physical constraints in the environment (obstacles related to terrain, climate, lack of infrastructure, etc.)"
        },
        "model": "ary.priorityissue",
        "pk": 13
    },
    {
        "fields": {
            "order": 1,
            "parent": 21,
            "template": 1,
            "title": "Frequency"
        },
        "model": "ary.underlyingfactor",
        "pk": 24
    },
    {
        "fields": {
            "order": 1,
            "parent": 21,
            "template": 1,
            "title": "Channel"
        },
        "model": "ary.underlyingfactor",
        "pk": 23
    },
    {
        "fields": {
            "order": 1,
            "parent": 21,
            "template": 1,
            "title": "Message"
        },
        "model": "ary.underlyingfactor",
        "pk": 22
    },
    {
        "fields": {
            "order": 1,
            "parent": null,
            "template": 1,
            "title": "Awareness"
        },
        "model": "ary.underlyingfactor",
        "pk": 21
    },
    {
        "fields": {
            "order": 1,
            "parent": 17,
            "template": 1,
            "title": "Practice"
        },
        "model": "ary.underlyingfactor",
        "pk": 20
    },
    {
        "fields": {
            "order": 1,
            "parent": 17,
            "template": 1,
            "title": "Attitude"
        },
        "model": "ary.underlyingfactor",
        "pk": 19
    },
    {
        "fields": {
            "order": 1,
            "parent": 17,
            "template": 1,
            "title": "Knowledge"
        },
        "model": "ary.underlyingfactor",
        "pk": 18
    },
    {
        "fields": {
            "order": 1,
            "parent": null,
            "template": 1,
            "title": "Use"
        },
        "model": "ary.underlyingfactor",
        "pk": 17
    },
    {
        "fields": {
            "order": 1,
            "parent": 11,
            "template": 1,
            "title": "Dignity"
        },
        "model": "ary.underlyingfactor",
        "pk": 16
    },
    {
        "fields": {
            "order": 1,
            "parent": 11,
            "template": 1,
            "title": "Diversity"
        },
        "model": "ary.underlyingfactor",
        "pk": 15
    },
    {
        "fields": {
            "order": 1,
            "parent": 11,
            "template": 1,
            "title": "Reliability"
        },
        "model": "ary.underlyingfactor",
        "pk": 14
    },
    {
        "fields": {
            "order": 1,
            "parent": 11,
            "template": 1,
            "title": "Safety"
        },
        "model": "ary.underlyingfactor",
        "pk": 13
    },
    {
        "fields": {
            "order": 1,
            "parent": 11,
            "template": 1,
            "title": "Human resources"
        },
        "model": "ary.underlyingfactor",
        "pk": 12
    },
    {
        "fields": {
            "order": 1,
            "parent": null,
            "template": 1,
            "title": "Quality"
        },
        "model": "ary.underlyingfactor",
        "pk": 11
    },
    {
        "fields": {
            "order": 1,
            "parent": 6,
            "template": 1,
            "title": "Social discrimination"
        },
        "model": "ary.underlyingfactor",
        "pk": 10
    },
    {
        "fields": {
            "order": 1,
            "parent": 6,
            "template": 1,
            "title": "Security"
        },
        "model": "ary.underlyingfactor",
        "pk": 9
    },
    {
        "fields": {
            "order": 1,
            "parent": 6,
            "template": 1,
            "title": "Financial"
        },
        "model": "ary.underlyingfactor",
        "pk": 8
    },
    {
        "fields": {
            "order": 1,
            "parent": 6,
            "template": 1,
            "title": "Physical"
        },
        "model": "ary.underlyingfactor",
        "pk": 7
    },
    {
        "fields": {
            "order": 1,
            "parent": null,
            "template": 1,
            "title": "Access"
        },
        "model": "ary.underlyingfactor",
        "pk": 6
    },
    {
        "fields": {
            "order": 1,
            "parent": 1,
            "template": 1,
            "title": "Transfer"
        },
        "model": "ary.underlyingfactor",
        "pk": 5
    },
    {
        "fields": {
            "order": 1,
            "parent": 1,
            "template": 1,
            "title": "Stock"
        },
        "model": "ary.underlyingfactor",
        "pk": 4
    },
    {
        "fields": {
            "order": 1,
            "parent": 1,
            "template": 1,
            "title": "Trade"
        },
        "model": "ary.underlyingfactor",
        "pk": 3
    },
    {
        "fields": {
            "order": 1,
            "parent": 1,
            "template": 1,
            "title": "Production"
        },
        "model": "ary.underlyingfactor",
        "pk": 2
    },
    {
        "fields": {
            "order": 1,
            "parent": null,
            "template": 1,
            "title": "Availability"
        },
        "model": "ary.underlyingfactor",
        "pk": 1
    },
    {
        "fields": {
            "order": 11,
            "template": 1,
            "title": "Unregistered Refugee"
        },
        "model": "ary.specificneedgroup",
        "pk": 11
    },
    {
        "fields": {
            "order": 10,
            "template": 1,
            "title": "Pregnant or Lactating Women"
        },
        "model": "ary.specificneedgroup",
        "pk": 10
    },
    {
        "fields": {
            "order": 9,
            "template": 1,
            "title": "Person with Disabilities"
        },
        "model": "ary.specificneedgroup",
        "pk": 9
    },
    {
        "fields": {
            "order": 8,
            "template": 1,
            "title": "Minorities"
        },
        "model": "ary.specificneedgroup",
        "pk": 8
    },
    {
        "fields": {
            "order": 7,
            "template": 1,
            "title": "Separated children"
        },
        "model": "ary.specificneedgroup",
        "pk": 7
    },
    {
        "fields": {
            "order": 6,
            "template": 1,
            "title": "Unnacompanied Children (without caregivers)"
        },
        "model": "ary.specificneedgroup",
        "pk": 6
    },
    {
        "fields": {
            "order": 5,
            "template": 1,
            "title": "Chronically Ill"
        },
        "model": "ary.specificneedgroup",
        "pk": 5
    },
    {
        "fields": {
            "order": 4,
            "template": 1,
            "title": "Single Women (including widows)"
        },
        "model": "ary.specificneedgroup",
        "pk": 4
    },
    {
        "fields": {
            "order": 3,
            "template": 1,
            "title": "Elderly Head of Household"
        },
        "model": "ary.specificneedgroup",
        "pk": 3
    },
    {
        "fields": {
            "order": 2,
            "template": 1,
            "title": "Child Head of Household"
        },
        "model": "ary.specificneedgroup",
        "pk": 2
    },
    {
        "fields": {
            "order": 1,
            "template": 1,
            "title": "Female Head of Household"
        },
        "model": "ary.specificneedgroup",
        "pk": 1
    },
    {
        "fields": {
            "max_value": 26.0,
            "min_value": 25.0,
            "score": 10.0,
            "template": 1
        },
        "model": "ary.scorebucket",
        "pk": 10
    },
    {
        "fields": {
            "max_value": 25.0,
            "min_value": 22.5,
            "score": 9.0,
            "template": 1
        },
        "model": "ary.scorebucket",
        "pk": 9
    },
    {
        "fields": {
            "max_value": 22.5,
            "min_value": 20.0,
            "score": 8.0,
            "template": 1
        },
        "model": "ary.scorebucket",
        "pk": 8
    },
    {
        "fields": {
            "max_value": 20.0,
            "min_value": 17.5,
            "score": 7.0,
            "template": 1
        },
        "model": "ary.scorebucket",
        "pk": 7
    },
    {
        "fields": {
            "max_value": 17.5,
            "min_value": 15.0,
            "score": 6.0,
            "template": 1
        },
        "model": "ary.scorebucket",
        "pk": 6
    },
    {
        "fields": {
            "max_value": 15.0,
            "min_value": 12.5,
            "score": 5.0,
            "template": 1
        },
        "model": "ary.scorebucket",
        "pk": 5
    },
    {
        "fields": {
            "max_value": 12.5,
            "min_value": 10.0,
            "score": 4.0,
            "template": 1
        },
        "model": "ary.scorebucket",
        "pk": 4
    },
    {
        "fields": {
            "max_value": 10.0,
            "min_value": 7.5,
            "score": 3.0,
            "template": 1
        },
        "model": "ary.scorebucket",
        "pk": 3
    },
    {
        "fields": {
            "max_value": 7.5,
            "min_value": 5.0,
            "score": 2.0,
            "template": 1
        },
        "model": "ary.scorebucket",
        "pk": 2
    },
    {
        "fields": {
            "max_value": 5.0,
            "min_value": 0.0,
            "score": 1.0,
            "template": 1
        },
        "model": "ary.scorebucket",
        "pk": 1
    },
    {
        "fields": {
            "order": 4,
            "template": 1,
            "title": "Analytical writing",
            "weight": 0.2
        },
        "model": "ary.scorepillar",
        "pk": 4
    },
    {
        "fields": {
            "order": 3,
            "template": 1,
            "title": "Analytical rigor",
            "weight": 0.2
        },
        "model": "ary.scorepillar",
        "pk": 3
    },
    {
        "fields": {
            "order": 2,
            "template": 1,
            "title": "Trustworthiness",
            "weight": 0.2
        },
        "model": "ary.scorepillar",
        "pk": 2
    },
    {
        "fields": {
            "order": 1,
            "template": 1,
            "title": "Fit for purpose",
            "weight": 0.2
        },
        "model": "ary.scorepillar",
        "pk": 1
    },
    {
        "fields": {
            "description": "Opinions from population and assessment teams were captured and contrasted",
            "order": 5,
            "pillar": 2,
            "title": "Inclusiveness"
        },
        "model": "ary.scorequestion",
        "pk": 10
    },
    {
        "fields": {
            "description": "Data and methods are accessible and documented enough to allow reproducibility and further analysis if required",
            "order": 5,
            "pillar": 3,
            "title": "Reproducibility"
        },
        "model": "ary.scorequestion",
        "pk": 15
    },
    {
        "fields": {
            "description": "Subject matter experts agree with the findings and results of the assessment",
            "order": 4,
            "pillar": 3,
            "title": "Consensus"
        },
        "model": "ary.scorequestion",
        "pk": 14
    },
    {
        "fields": {
            "description": "Contrary information, outliers or inconsistencies not consistent with the line of analysis are clearly highlighted and communicated",
            "order": 4,
            "pillar": 4,
            "title": "Clearly stated outliers"
        },
        "model": "ary.scorequestion",
        "pk": 20
    },
    {
        "fields": {
            "description": "Results uses or contributes to Common Operational Datasets",
            "order": 4,
            "pillar": 1,
            "title": "Comparability"
        },
        "model": "ary.scorequestion",
        "pk": 5
    },
    {
        "fields": {
            "description": "Results are plausible, logical in context",
            "order": 4,
            "pillar": 2,
            "title": "Plausibility"
        },
        "model": "ary.scorequestion",
        "pk": 9
    },
    {
        "fields": {
            "description": "Data, evidence, and tools supporting judgments are available, documented and clearly sourced",
            "order": 4,
            "pillar": 4,
            "title": "Sourced data and evidence"
        },
        "model": "ary.scorequestion",
        "pk": 19
    },
    {
        "fields": {
            "description": "At least one structured analytical technique was used for each analytical level",
            "order": 3,
            "pillar": 3,
            "title": "Structured Analytical Techniques"
        },
        "model": "ary.scorequestion",
        "pk": 13
    },
    {
        "fields": {
            "description": "Efforts were made to use different methods and independent sources and triangulate results",
            "order": 3,
            "pillar": 2,
            "title": "Triangulation"
        },
        "model": "ary.scorequestion",
        "pk": 8
    },
    {
        "fields": {
            "description": "Charts, tables, and maps are used to illustrate results in a compelling and efficient way",
            "order": 3,
            "pillar": 4,
            "title": "Illustrations"
        },
        "model": "ary.scorequestion",
        "pk": 18
    },
    {
        "fields": {
            "description": "Results are available at least for two levels of breakdown (sector/sub-sector, Admin2/3, Affected groups level 2/3, etc.) and are broken down by relevant categories of analysis (sex, age, urban/rural, Conflict/no conflict, etc.)",
            "order": 3,
            "pillar": 1,
            "title": "Granularity"
        },
        "model": "ary.scorequestion",
        "pk": 4
    },
    {
        "fields": {
            "description": "Results were available on time to inform decision-making",
            "order": 2,
            "pillar": 1,
            "title": "Timeliness"
        },
        "model": "ary.scorequestion",
        "pk": 3
    },
    {
        "fields": {
            "description": "Methodology used is following golden standards/official guidelines and uses an analysis framework and plan",
            "order": 2,
            "pillar": 2,
            "title": "Methods"
        },
        "model": "ary.scorequestion",
        "pk": 7
    },
    {
        "fields": {
            "description": "Results are corroborated and convergent across different independent sources",
            "order": 2,
            "pillar": 3,
            "title": "Corroboration"
        },
        "model": "ary.scorequestion",
        "pk": 12
    },
    {
        "fields": {
            "description": "Levels of confidence in estimates are available as well as reasons for uncertainty",
            "order": 2,
            "pillar": 4,
            "title": "Levels of confidence"
        },
        "model": "ary.scorequestion",
        "pk": 17
    },
    {
        "fields": {
            "description": "Results cover all affected geographical areas, groups, and sectors",
            "order": 2,
            "pillar": 1,
            "title": "Comprehensiveness"
        },
        "model": "ary.scorequestion",
        "pk": 2
    },
    {
        "fields": {
            "description": "Results are articulated using a clear line of analysis and \u201cBottom Line Up Front\u201d",
            "order": 1,
            "pillar": 4,
            "title": "Clearly articulated results"
        },
        "model": "ary.scorequestion",
        "pk": 16
    },
    {
        "fields": {
            "description": "Key assumptions, information gaps, and alternative explanations or inconsistencies are identified, clearly communicated and caveated",
            "order": 1,
            "pillar": 3,
            "title": "Assumptions"
        },
        "model": "ary.scorequestion",
        "pk": 11
    },
    {
        "fields": {
            "description": "Authors of the reports are reliable (Track record for accuracy, technical expertise, motive for bias)",
            "order": 1,
            "pillar": 2,
            "title": "Source reliability"
        },
        "model": "ary.scorequestion",
        "pk": 6
    },
    {
        "fields": {
            "description": "Results answers the original research questions or objectives, bring new or additional information and fill previous information gaps",
            "order": 1,
            "pillar": 1,
            "title": "Relevance"
        },
        "model": "ary.scorequestion",
        "pk": 1
    },
    {
        "fields": {
            "color": "#a8d08d",
            "default": false,
            "template": 1,
            "title": "Very good",
            "value": 5
        },
        "model": "ary.scorescale",
        "pk": 5
    },
    {
        "fields": {
            "color": "#e2efd9",
            "default": false,
            "template": 1,
            "title": "Good",
            "value": 4
        },
        "model": "ary.scorescale",
        "pk": 4
    },
    {
        "fields": {
            "color": "#deeaf6",
            "default": true,
            "template": 1,
            "title": "Fair",
            "value": 3
        },
        "model": "ary.scorescale",
        "pk": 3
    },
    {
        "fields": {
            "color": "#bdd6ee",
            "default": false,
            "template": 1,
            "title": "Poor",
            "value": 2
        },
        "model": "ary.scorescale",
        "pk": 2
    },
    {
        "fields": {
            "color": "#9cc2e5",
            "default": false,
            "template": 1,
            "title": "Very poor",
            "value": 1
        },
        "model": "ary.scorescale",
        "pk": 1
    },
    {
        "fields": {
            "order": 1,
            "template": 1,
            "title": "Analytical Density",
            "weight": 0.2
        },
        "model": "ary.scorematrixpillar",
        "pk": 1
    },
    {
        "fields": {
            "order": 7,
            "pillar": 1,
            "title": "Priority issues/unmet needs, underlying factors and intensity/severity, forecasted priority issues/unmet needs, operational recommendations"
        },
        "model": "ary.scorematrixrow",
        "pk": 7
    },
    {
        "fields": {
            "order": 6,
            "pillar": 1,
            "title": "Priority issues/unmet needs, underlying factors and intensity/severity, forecasted priority issues/unmet needs"
        },
        "model": "ary.scorematrixrow",
        "pk": 6
    },
    {
        "fields": {
            "order": 5,
            "pillar": 1,
            "title": "Priority issues/unmet needs, underlying factors, intensity/severity and operational recommendations"
        },
        "model": "ary.scorematrixrow",
        "pk": 5
    },
    {
        "fields": {
            "order": 4,
            "pillar": 1,
            "title": "Priority issues/unmet needs, underlying factors and intensity/severity"
        },
        "model": "ary.scorematrixrow",
        "pk": 4
    },
    {
        "fields": {
            "order": 3,
            "pillar": 1,
            "title": "Priority issues/unmet needs and underlying factors"
        },
        "model": "ary.scorematrixrow",
        "pk": 3
    },
    {
        "fields": {
            "order": 2,
            "pillar": 1,
            "title": "Issues/unmet needs and underlying factors"
        },
        "model": "ary.scorematrixrow",
        "pk": 2
    },
    {
        "fields": {
            "order": 1,
            "pillar": 1,
            "title": "Issues/unmet needs"
        },
        "model": "ary.scorematrixrow",
        "pk": 1
    },
    {
        "fields": {
            "order": 7,
            "pillar": 1,
            "title": "Good, representative PIN numbers by severity grades"
        },
        "model": "ary.scorematrixcolumn",
        "pk": 7
    },
    {
        "fields": {
            "order": 6,
            "pillar": 1,
            "title": "Good, representative PIN numbers"
        },
        "model": "ary.scorematrixcolumn",
        "pk": 6
    },
    {
        "fields": {
            "order": 5,
            "pillar": 1,
            "title": "Rough PIN estimates by severity grade"
        },
        "model": "ary.scorematrixcolumn",
        "pk": 5
    },
    {
        "fields": {
            "order": 4,
            "pillar": 1,
            "title": "Rough PIN estimates"
        },
        "model": "ary.scorematrixcolumn",
        "pk": 4
    },
    {
        "fields": {
            "order": 3,
            "pillar": 1,
            "title": "Population exposed or affected"
        },
        "model": "ary.scorematrixcolumn",
        "pk": 3
    },
    {
        "fields": {
            "order": 2,
            "pillar": 1,
            "title": "Verbal qualifiers only"
        },
        "model": "ary.scorematrixcolumn",
        "pk": 2
    },
    {
        "fields": {
            "order": 1,
            "pillar": 1,
            "title": "No population figures"
        },
        "model": "ary.scorematrixcolumn",
        "pk": 1
    },
    {
        "fields": {
            "column": 7,
            "default": false,
            "pillar": 1,
            "row": 7,
            "value": 5
        },
        "model": "ary.scorematrixscale",
        "pk": 49
    },
    {
        "fields": {
            "column": 6,
            "default": false,
            "pillar": 1,
            "row": 7,
            "value": 5
        },
        "model": "ary.scorematrixscale",
        "pk": 48
    },
    {
        "fields": {
            "column": 7,
            "default": false,
            "pillar": 1,
            "row": 5,
            "value": 5
        },
        "model": "ary.scorematrixscale",
        "pk": 35
    },
    {
        "fields": {
            "column": 6,
            "default": false,
            "pillar": 1,
            "row": 6,
            "value": 5
        },
        "model": "ary.scorematrixscale",
        "pk": 41
    },
    {
        "fields": {
            "column": 5,
            "default": false,
            "pillar": 1,
            "row": 7,
            "value": 5
        },
        "model": "ary.scorematrixscale",
        "pk": 47
    },
    {
        "fields": {
            "column": 7,
            "default": false,
            "pillar": 1,
            "row": 6,
            "value": 5
        },
        "model": "ary.scorematrixscale",
        "pk": 42
    },
    {
        "fields": {
            "column": 4,
            "default": false,
            "pillar": 1,
            "row": 6,
            "value": 4
        },
        "model": "ary.scorematrixscale",
        "pk": 39
    },
    {
        "fields": {
            "column": 6,
            "default": false,
            "pillar": 1,
            "row": 4,
            "value": 4
        },
        "model": "ary.scorematrixscale",
        "pk": 27
    },
    {
        "fields": {
            "column": 7,
            "default": false,
            "pillar": 1,
            "row": 3,
            "value": 4
        },
        "model": "ary.scorematrixscale",
        "pk": 21
    },
    {
        "fields": {
            "column": 6,
            "default": false,
            "pillar": 1,
            "row": 5,
            "value": 4
        },
        "model": "ary.scorematrixscale",
        "pk": 34
    },
    {
        "fields": {
            "column": 5,
            "default": false,
            "pillar": 1,
            "row": 5,
            "value": 4
        },
        "model": "ary.scorematrixscale",
        "pk": 33
    },
    {
        "fields": {
            "column": 4,
            "default": false,
            "pillar": 1,
            "row": 7,
            "value": 4
        },
        "model": "ary.scorematrixscale",
        "pk": 46
    },
    {
        "fields": {
            "column": 3,
            "default": false,
            "pillar": 1,
            "row": 7,
            "value": 4
        },
        "model": "ary.scorematrixscale",
        "pk": 45
    },
    {
        "fields": {
            "column": 7,
            "default": false,
            "pillar": 1,
            "row": 4,
            "value": 4
        },
        "model": "ary.scorematrixscale",
        "pk": 28
    },
    {
        "fields": {
            "column": 5,
            "default": false,
            "pillar": 1,
            "row": 6,
            "value": 4
        },
        "model": "ary.scorematrixscale",
        "pk": 40
    },
    {
        "fields": {
            "column": 2,
            "default": false,
            "pillar": 1,
            "row": 7,
            "value": 3
        },
        "model": "ary.scorematrixscale",
        "pk": 44
    },
    {
        "fields": {
            "column": 1,
            "default": false,
            "pillar": 1,
            "row": 7,
            "value": 3
        },
        "model": "ary.scorematrixscale",
        "pk": 43
    },
    {
        "fields": {
            "column": 3,
            "default": false,
            "pillar": 1,
            "row": 6,
            "value": 3
        },
        "model": "ary.scorematrixscale",
        "pk": 38
    },
    {
        "fields": {
            "column": 4,
            "default": false,
            "pillar": 1,
            "row": 5,
            "value": 3
        },
        "model": "ary.scorematrixscale",
        "pk": 32
    },
    {
        "fields": {
            "column": 3,
            "default": false,
            "pillar": 1,
            "row": 5,
            "value": 3
        },
        "model": "ary.scorematrixscale",
        "pk": 31
    },
    {
        "fields": {
            "column": 5,
            "default": false,
            "pillar": 1,
            "row": 4,
            "value": 3
        },
        "model": "ary.scorematrixscale",
        "pk": 26
    },
    {
        "fields": {
            "column": 4,
            "default": false,
            "pillar": 1,
            "row": 4,
            "value": 3
        },
        "model": "ary.scorematrixscale",
        "pk": 25
    },
    {
        "fields": {
            "column": 6,
            "default": false,
            "pillar": 1,
            "row": 3,
            "value": 3
        },
        "model": "ary.scorematrixscale",
        "pk": 20
    },
    {
        "fields": {
            "column": 5,
            "default": false,
            "pillar": 1,
            "row": 3,
            "value": 3
        },
        "model": "ary.scorematrixscale",
        "pk": 19
    },
    {
        "fields": {
            "column": 7,
            "default": false,
            "pillar": 1,
            "row": 2,
            "value": 3
        },
        "model": "ary.scorematrixscale",
        "pk": 14
    },
    {
        "fields": {
            "column": 6,
            "default": false,
            "pillar": 1,
            "row": 2,
            "value": 3
        },
        "model": "ary.scorematrixscale",
        "pk": 13
    },
    {
        "fields": {
            "column": 7,
            "default": false,
            "pillar": 1,
            "row": 1,
            "value": 3
        },
        "model": "ary.scorematrixscale",
        "pk": 7
    },
    {
        "fields": {
            "column": 2,
            "default": false,
            "pillar": 1,
            "row": 6,
            "value": 3
        },
        "model": "ary.scorematrixscale",
        "pk": 37
    },
    {
        "fields": {
            "column": 1,
            "default": false,
            "pillar": 1,
            "row": 5,
            "value": 2
        },
        "model": "ary.scorematrixscale",
        "pk": 29
    },
    {
        "fields": {
            "column": 2,
            "default": false,
            "pillar": 1,
            "row": 5,
            "value": 2
        },
        "model": "ary.scorematrixscale",
        "pk": 30
    },
    {
        "fields": {
            "column": 1,
            "default": false,
            "pillar": 1,
            "row": 6,
            "value": 2
        },
        "model": "ary.scorematrixscale",
        "pk": 36
    },
    {
        "fields": {
            "column": 3,
            "default": false,
            "pillar": 1,
            "row": 4,
            "value": 2
        },
        "model": "ary.scorematrixscale",
        "pk": 24
    },
    {
        "fields": {
            "column": 2,
            "default": false,
            "pillar": 1,
            "row": 4,
            "value": 2
        },
        "model": "ary.scorematrixscale",
        "pk": 23
    },
    {
        "fields": {
            "column": 4,
            "default": false,
            "pillar": 1,
            "row": 2,
            "value": 2
        },
        "model": "ary.scorematrixscale",
        "pk": 11
    },
    {
        "fields": {
            "column": 6,
            "default": false,
            "pillar": 1,
            "row": 1,
            "value": 2
        },
        "model": "ary.scorematrixscale",
        "pk": 6
    },
    {
        "fields": {
            "column": 5,
            "default": false,
            "pillar": 1,
            "row": 1,
            "value": 2
        },
        "model": "ary.scorematrixscale",
        "pk": 5
    },
    {
        "fields": {
            "column": 4,
            "default": false,
            "pillar": 1,
            "row": 3,
            "value": 2
        },
        "model": "ary.scorematrixscale",
        "pk": 18
    },
    {
        "fields": {
            "column": 3,
            "default": false,
            "pillar": 1,
            "row": 3,
            "value": 2
        },
        "model": "ary.scorematrixscale",
        "pk": 17
    },
    {
        "fields": {
            "column": 2,
            "default": false,
            "pillar": 1,
            "row": 3,
            "value": 2
        },
        "model": "ary.scorematrixscale",
        "pk": 16
    },
    {
        "fields": {
            "column": 4,
            "default": false,
            "pillar": 1,
            "row": 1,
            "value": 2
        },
        "model": "ary.scorematrixscale",
        "pk": 4
    },
    {
        "fields": {
            "column": 5,
            "default": false,
            "pillar": 1,
            "row": 2,
            "value": 2
        },
        "model": "ary.scorematrixscale",
        "pk": 12
    },
    {
        "fields": {
            "column": 1,
            "default": false,
            "pillar": 1,
            "row": 4,
            "value": 2
        },
        "model": "ary.scorematrixscale",
        "pk": 22
    },
    {
        "fields": {
            "column": 3,
            "default": false,
            "pillar": 1,
            "row": 2,
            "value": 2
        },
        "model": "ary.scorematrixscale",
        "pk": 10
    },
    {
        "fields": {
            "column": 1,
            "default": true,
            "pillar": 1,
            "row": 1,
            "value": 1
        },
        "model": "ary.scorematrixscale",
        "pk": 1
    },
    {
        "fields": {
            "column": 1,
            "default": false,
            "pillar": 1,
            "row": 3,
            "value": 1
        },
        "model": "ary.scorematrixscale",
        "pk": 15
    },
    {
        "fields": {
            "column": 1,
            "default": false,
            "pillar": 1,
            "row": 2,
            "value": 1
        },
        "model": "ary.scorematrixscale",
        "pk": 8
    },
    {
        "fields": {
            "column": 3,
            "default": false,
            "pillar": 1,
            "row": 1,
            "value": 1
        },
        "model": "ary.scorematrixscale",
        "pk": 3
    },
    {
        "fields": {
            "column": 2,
            "default": false,
            "pillar": 1,
            "row": 2,
            "value": 1
        },
        "model": "ary.scorematrixscale",
        "pk": 9
    },
    {
        "fields": {
            "column": 2,
            "default": false,
            "pillar": 1,
            "row": 1,
            "value": 1
        },
        "model": "ary.scorematrixscale",
        "pk": 2
    },
    {
        "model": "ary.scorequestionnairesector",
        "pk": 1,
        "fields": {
            "title": "Comprehensiveness",
            "template": 1,
            "method": "hno",
            "sub_method": "criteria",
            "order": 1
        }
    },
    {
        "model": "ary.scorequestionnairesector",
        "pk": 2,
        "fields": {
            "title": "Methodological rigor",
            "template": 1,
            "method": "hno",
            "sub_method": "criteria",
            "order": 2
        }
    },
    {
        "model": "ary.scorequestionnairesector",
        "pk": 3,
        "fields": {
            "title": "Analytical value",
            "template": 1,
            "method": "hno",
            "sub_method": "criteria",
            "order": 3
        }
    },
    {
        "model": "ary.scorequestionnairesector",
        "pk": 4,
        "fields": {
            "title": "Timeliness",
            "template": 1,
            "method": "hno",
            "sub_method": "criteria",
            "order": 4
        }
    },
    {
        "model": "ary.scorequestionnairesector",
        "pk": 5,
        "fields": {
            "title": "Effective communication",
            "template": 1,
            "method": "hno",
            "sub_method": "criteria",
            "order": 5
        }
    },
    {
        "model": "ary.scorequestionnairesector",
        "pk": 6,
        "fields": {
            "title": "Use",
            "template": 1,
            "method": "hno",
            "sub_method": "criteria",
            "order": 6
        }
    },
    {
        "model": "ary.scorequestionnairesector",
        "pk": 7,
        "fields": {
            "title": "People-centred and inclusive",
            "template": 1,
            "method": "hno",
            "sub_method": "ethos",
            "order": 1
        }
    },
    {
        "model": "ary.scorequestionnairesector",
        "pk": 8,
        "fields": {
            "title": "Accountability to Affected Populations",
            "template": 1,
            "method": "hno",
            "sub_method": "ethos",
            "order": 2
        }
    },
    {
        "model": "ary.scorequestionnairesector",
        "pk": 9,
        "fields": {
            "title": "Joint analysis",
            "template": 1,
            "method": "hno",
            "sub_method": "ethos",
            "order": 3
        }
    },
    {
        "model": "ary.scorequestionnairesector",
        "pk": 10,
        "fields": {
            "title": "Acknowledge dissenting voices in joint needs analysis",
            "template": 1,
            "method": "hno",
            "sub_method": "ethos",
            "order": 4
        }
    },
    {
        "model": "ary.scorequestionnairesector",
        "pk": 11,
        "fields": {
            "title": "Sharing results (data and analysis)",
            "template": 1,
            "method": "hno",
            "sub_method": "ethos",
            "order": 5
        }
    },
    {
        "model": "ary.scorequestionnairesector",
        "pk": 12,
        "fields": {
            "title": "Transparency between actors",
            "template": 1,
            "method": "hno",
            "sub_method": "ethos",
            "order": 6
        }
    },
    {
        "model": "ary.scorequestionnairesector",
        "pk": 13,
        "fields": {
            "title": "Minimum technical standards",
            "template": 1,
            "method": "hno",
            "sub_method": "ethos",
            "order": 7
        }
    },
    {
        "model": "ary.scorequestionnairesector",
        "pk": 14,
        "fields": {
            "title": "Relevance",
            "template": 1,
            "method": "cna",
            "sub_method": "criteria",
            "order": 1
        }
    },
    {
        "model": "ary.scorequestionnairesector",
        "pk": 15,
        "fields": {
            "title": "Comprehensiveness",
            "template": 1,
            "method": "cna",
            "sub_method": "criteria",
            "order": 2
        }
    },
    {
        "model": "ary.scorequestionnairesector",
        "pk": 16,
        "fields": {
            "title": "Ethics",
            "template": 1,
            "method": "cna",
            "sub_method": "criteria",
            "order": 3
        }
    },
    {
        "model": "ary.scorequestionnairesector",
        "pk": 17,
        "fields": {
            "title": "Methodological rigor",
            "template": 1,
            "method": "cna",
            "sub_method": "criteria",
            "order": 4
        }
    },
    {
        "model": "ary.scorequestionnairesector",
        "pk": 18,
        "fields": {
            "title": "Analytical value",
            "template": 1,
            "method": "cna",
            "sub_method": "criteria",
            "order": 5
        }
    },
    {
        "model": "ary.scorequestionnairesector",
        "pk": 19,
        "fields": {
            "title": "Timeliness",
            "template": 1,
            "method": "cna",
            "sub_method": "criteria",
            "order": 6
        }
    },
    {
        "model": "ary.scorequestionnairesector",
        "pk": 20,
        "fields": {
            "title": "Effective communication",
            "template": 1,
            "method": "cna",
            "sub_method": "criteria",
            "order": 7
        }
    },
    {
        "model": "ary.scorequestionnairesector",
        "pk": 21,
        "fields": {
            "title": "Use",
            "template": 1,
            "method": "cna",
            "sub_method": "criteria",
            "order": 8
        }
    },
    {
        "model": "ary.scorequestionnairesector",
        "pk": 22,
        "fields": {
            "title": "People-centred and inclusive",
            "template": 1,
            "method": "cna",
            "sub_method": "ethos",
            "order": 1
        }
    },
    {
        "model": "ary.scorequestionnairesector",
        "pk": 23,
        "fields": {
            "title": "Accountability to Affected Populations",
            "template": 1,
            "method": "cna",
            "sub_method": "ethos",
            "order": 2
        }
    },
    {
        "model": "ary.scorequestionnairesector",
        "pk": 24,
        "fields": {
            "title": "Do no harm",
            "template": 1,
            "method": "cna",
            "sub_method": "ethos",
            "order": 3
        }
    },
    {
        "model": "ary.scorequestionnairesector",
        "pk": 25,
        "fields": {
            "title": "Designed with a purpose",
            "template": 1,
            "method": "cna",
            "sub_method": "ethos",
            "order": 4
        }
    },
    {
        "model": "ary.scorequestionnairesector",
        "pk": 26,
        "fields": {
            "title": "Competency and capacity",
            "template": 1,
            "method": "cna",
            "sub_method": "ethos",
            "order": 5
        }
    },
    {
        "model": "ary.scorequestionnairesector",
        "pk": 27,
        "fields": {
            "title": "Impartiality",
            "template": 1,
            "method": "cna",
            "sub_method": "ethos",
            "order": 6
        }
    },
    {
        "model": "ary.scorequestionnairesector",
        "pk": 28,
        "fields": {
            "title": "Coordination and data minimization",
            "template": 1,
            "method": "cna",
            "sub_method": "ethos",
            "order": 7
        }
    },
    {
        "model": "ary.scorequestionnairesector",
        "pk": 29,
        "fields": {
            "title": "Joint analysis",
            "template": 1,
            "method": "cna",
            "sub_method": "ethos",
            "order": 8
        }
    },
    {
        "model": "ary.scorequestionnairesector",
        "pk": 30,
        "fields": {
            "title": "Acknowledge dissenting voices in joint needs analysis",
            "template": 1,
            "method": "cna",
            "sub_method": "ethos",
            "order": 9
        }
    },
    {
        "model": "ary.scorequestionnairesector",
        "pk": 31,
        "fields": {
            "title": "Informed consent, confidentiality and data security",
            "template": 1,
            "method": "cna",
            "sub_method": "ethos",
            "order": 10
        }
    },
    {
        "model": "ary.scorequestionnairesector",
        "pk": 32,
        "fields": {
            "title": "Sharing results (data and analysis)",
            "template": 1,
            "method": "cna",
            "sub_method": "ethos",
            "order": 11
        }
    },
    {
        "model": "ary.scorequestionnairesector",
        "pk": 33,
        "fields": {
            "title": "Transparency between actors",
            "template": 1,
            "method": "cna",
            "sub_method": "ethos",
            "order": 12
        }
    },
    {
        "model": "ary.scorequestionnairesector",
        "pk": 34,
        "fields": {
            "title": "Minimum technical standards",
            "template": 1,
            "method": "cna",
            "sub_method": "ethos",
            "order": 13
        }
    },
    {
        "model": "ary.scorequestionnairesubsector",
        "pk": 1,
        "fields": {
            "title": "Sources",
            "sector": 1,
            "order": 1
        }
    },
    {
        "model": "ary.scorequestionnairesubsector",
        "pk": 2,
        "fields": {
            "title": "Geographic comprehensiveness",
            "sector": 1,
            "order": 2
        }
    },
    {
        "model": "ary.scorequestionnairesubsector",
        "pk": 3,
        "fields": {
            "title": "Sectoral comprehensiveness",
            "sector": 1,
            "order": 3
        }
    },
    {
        "model": "ary.scorequestionnairesubsector",
        "pk": 4,
        "fields": {
            "title": "Affected and vulnerable groups comprehensiveness",
            "sector": 1,
            "order": 4
        }
    },
    {
        "model": "ary.scorequestionnairesubsector",
        "pk": 5,
        "fields": {
            "title": "Transparency",
            "sector": 2,
            "order": 1
        }
    },
    {
        "model": "ary.scorequestionnairesubsector",
        "pk": 6,
        "fields": {
            "title": "Mitigating bias",
            "sector": 2,
            "order": 2
        }
    },
    {
        "model": "ary.scorequestionnairesubsector",
        "pk": 7,
        "fields": {
            "title": "Participation",
            "sector": 2,
            "order": 3
        }
    },
    {
        "model": "ary.scorequestionnairesubsector",
        "pk": 8,
        "fields": {
            "title": "Analytical standards",
            "sector": 3,
            "order": 1
        }
    },
    {
        "model": "ary.scorequestionnairesubsector",
        "pk": 9,
        "fields": {
            "title": "Description",
            "sector": 3,
            "order": 2
        }
    },
    {
        "model": "ary.scorequestionnairesubsector",
        "pk": 10,
        "fields": {
            "title": "Explanation",
            "sector": 3,
            "order": 3
        }
    },
    {
        "model": "ary.scorequestionnairesubsector",
        "pk": 11,
        "fields": {
            "title": "Interpretation",
            "sector": 3,
            "order": 4
        }
    },
    {
        "model": "ary.scorequestionnairesubsector",
        "pk": 12,
        "fields": {
            "title": "Anticipation",
            "sector": 3,
            "order": 5
        }
    },
    {
        "model": "ary.scorequestionnairesubsector",
        "pk": 13,
        "fields": {
            "title": "Timeliness",
            "sector": 4,
            "order": 1
        }
    },
    {
        "model": "ary.scorequestionnairesubsector",
        "pk": 14,
        "fields": {
            "title": "User-friendly presentation",
            "sector": 5,
            "order": 1
        }
    },
    {
        "model": "ary.scorequestionnairesubsector",
        "pk": 15,
        "fields": {
            "title": "Active dissemination",
            "sector": 5,
            "order": 2
        }
    },
    {
        "model": "ary.scorequestionnairesubsector",
        "pk": 16,
        "fields": {
            "title": "Use for collective planning",
            "sector": 6,
            "order": 1
        }
    },
    {
        "model": "ary.scorequestionnairesubsector",
        "pk": 17,
        "fields": {
            "title": "Buy-in and use by humanitarian clusters / sectors",
            "sector": 6,
            "order": 2
        }
    },
    {
        "model": "ary.scorequestionnairesubsector",
        "pk": 18,
        "fields": {
            "title": "Buy-in and use by UN agencies",
            "sector": 6,
            "order": 3
        }
    },
    {
        "model": "ary.scorequestionnairesubsector",
        "pk": 19,
        "fields": {
            "title": "Buy-in and use by international non-governmental organizations (INGOs)",
            "sector": 6,
            "order": 4
        }
    },
    {
        "model": "ary.scorequestionnairesubsector",
        "pk": 20,
        "fields": {
            "title": "Buy-in and use by local non-governmental organizations (local NGOs)",
            "sector": 6,
            "order": 5
        }
    },
    {
        "model": "ary.scorequestionnairesubsector",
        "pk": 21,
        "fields": {
            "title": "Buy-in and use by members of the Red Cross / Red Crescent Movement",
            "sector": 6,
            "order": 6
        }
    },
    {
        "model": "ary.scorequestionnairesubsector",
        "pk": 22,
        "fields": {
            "title": "Buy-in and use by donors",
            "sector": 6,
            "order": 7
        }
    },
    {
        "model": "ary.scorequestionnairesubsector",
        "pk": 23,
        "fields": {
            "title": "Buy-in and use by national and local government agencies",
            "sector": 6,
            "order": 8
        }
    },
    {
        "model": "ary.scorequestionnairesubsector",
        "pk": 24,
        "fields": {
            "title": "Buy-in and use by development and stabilization actors",
            "sector": 6,
            "order": 9
        }
    },
    {
        "model": "ary.scorequestionnairesubsector",
        "pk": 25,
        "fields": {
            "title": "Affected and vulnerable groups comprehensiveness",
            "sector": 7,
            "order": 1
        }
    },
    {
        "model": "ary.scorequestionnairesubsector",
        "pk": 26,
        "fields": {
            "title": "Participation",
            "sector": 7,
            "order": 2
        }
    },
    {
        "model": "ary.scorequestionnairesubsector",
        "pk": 27,
        "fields": {
            "title": "Participation",
            "sector": 8,
            "order": 1
        }
    },
    {
        "model": "ary.scorequestionnairesubsector",
        "pk": 28,
        "fields": {
            "title": "Description",
            "sector": 8,
            "order": 2
        }
    },
    {
        "model": "ary.scorequestionnairesubsector",
        "pk": 29,
        "fields": {
            "title": "Active dissemination",
            "sector": 8,
            "order": 3
        }
    },
    {
        "model": "ary.scorequestionnairesubsector",
        "pk": 30,
        "fields": {
            "title": "Mitigating bias",
            "sector": 9,
            "order": 1
        }
    },
    {
        "model": "ary.scorequestionnairesubsector",
        "pk": 31,
        "fields": {
            "title": "Analytical standards",
            "sector": 9,
            "order": 2
        }
    },
    {
        "model": "ary.scorequestionnairesubsector",
        "pk": 32,
        "fields": {
            "title": "Analytical standards",
            "sector": 10,
            "order": 1
        }
    },
    {
        "model": "ary.scorequestionnairesubsector",
        "pk": 33,
        "fields": {
            "title": "Active dissemination",
            "sector": 11,
            "order": 1
        }
    },
    {
        "model": "ary.scorequestionnairesubsector",
        "pk": 34,
        "fields": {
            "title": "Transparency",
            "sector": 12,
            "order": 1
        }
    },
    {
        "model": "ary.scorequestionnairesubsector",
        "pk": 35,
        "fields": {
            "title": "Analytical standards",
            "sector": 12,
            "order": 2
        }
    },
    {
        "model": "ary.scorequestionnairesubsector",
        "pk": 36,
        "fields": {
            "title": "Mitigating bias",
            "sector": 13,
            "order": 1
        }
    },
    {
        "model": "ary.scorequestionnairesubsector",
        "pk": 37,
        "fields": {
            "title": "Analytical standards",
            "sector": 13,
            "order": 2
        }
    },
    {
        "model": "ary.scorequestionnairesubsector",
        "pk": 38,
        "fields": {
            "title": "Relevance",
            "sector": 14,
            "order": 1
        }
    },
    {
        "model": "ary.scorequestionnairesubsector",
        "pk": 39,
        "fields": {
            "title": "Geographic comprehensiveness",
            "sector": 15,
            "order": 1
        }
    },
    {
        "model": "ary.scorequestionnairesubsector",
        "pk": 40,
        "fields": {
            "title": "Sectoral comprehensiveness",
            "sector": 15,
            "order": 2
        }
    },
    {
        "model": "ary.scorequestionnairesubsector",
        "pk": 41,
        "fields": {
            "title": "Affected and vulnerable groups comprehensiveness",
            "sector": 15,
            "order": 3
        }
    },
    {
        "model": "ary.scorequestionnairesubsector",
        "pk": 42,
        "fields": {
            "title": "Safety and protection",
            "sector": 16,
            "order": 1
        }
    },
    {
        "model": "ary.scorequestionnairesubsector",
        "pk": 43,
        "fields": {
            "title": "Humanitarian principles",
            "sector": 16,
            "order": 2
        }
    },
    {
        "model": "ary.scorequestionnairesubsector",
        "pk": 44,
        "fields": {
            "title": "Contribution",
            "sector": 16,
            "order": 3
        }
    },
    {
        "model": "ary.scorequestionnairesubsector",
        "pk": 45,
        "fields": {
            "title": "Transparency",
            "sector": 17,
            "order": 1
        }
    },
    {
        "model": "ary.scorequestionnairesubsector",
        "pk": 46,
        "fields": {
            "title": "Mitigating bias",
            "sector": 17,
            "order": 2
        }
    },
    {
        "model": "ary.scorequestionnairesubsector",
        "pk": 47,
        "fields": {
            "title": "Participation",
            "sector": 17,
            "order": 3
        }
    },
    {
        "model": "ary.scorequestionnairesubsector",
        "pk": 48,
        "fields": {
            "title": "Context specificity",
            "sector": 17,
            "order": 4
        }
    },
    {
        "model": "ary.scorequestionnairesubsector",
        "pk": 49,
        "fields": {
            "title": "Analytical standards",
            "sector": 18,
            "order": 1
        }
    },
    {
        "model": "ary.scorequestionnairesubsector",
        "pk": 50,
        "fields": {
            "title": "Description",
            "sector": 18,
            "order": 2
        }
    },
    {
        "model": "ary.scorequestionnairesubsector",
        "pk": 51,
        "fields": {
            "title": "Explanation",
            "sector": 18,
            "order": 3
        }
    },
    {
        "model": "ary.scorequestionnairesubsector",
        "pk": 52,
        "fields": {
            "title": "Interpretation",
            "sector": 18,
            "order": 4
        }
    },
    {
        "model": "ary.scorequestionnairesubsector",
        "pk": 53,
        "fields": {
            "title": "Anticipation",
            "sector": 18,
            "order": 5
        }
    },
    {
        "model": "ary.scorequestionnairesubsector",
        "pk": 54,
        "fields": {
            "title": "Timeliness",
            "sector": 19,
            "order": 1
        }
    },
    {
        "model": "ary.scorequestionnairesubsector",
        "pk": 55,
        "fields": {
            "title": "User-friendly presentation",
            "sector": 20,
            "order": 1
        }
    },
    {
        "model": "ary.scorequestionnairesubsector",
        "pk": 56,
        "fields": {
            "title": "Active dissemination",
            "sector": 20,
            "order": 2
        }
    },
    {
        "model": "ary.scorequestionnairesubsector",
        "pk": 57,
        "fields": {
            "title": "Use for collective planning",
            "sector": 21,
            "order": 1
        }
    },
    {
        "model": "ary.scorequestionnairesubsector",
        "pk": 58,
        "fields": {
            "title": "Buy-in and use by humanitarian clusters / sectors",
            "sector": 21,
            "order": 2
        }
    },
    {
        "model": "ary.scorequestionnairesubsector",
        "pk": 59,
        "fields": {
            "title": "Buy-in and use by UN agencies",
            "sector": 21,
            "order": 3
        }
    },
    {
        "model": "ary.scorequestionnairesubsector",
        "pk": 60,
        "fields": {
            "title": "Buy-in and use by international non-governmental organizations (INGOs)",
            "sector": 21,
            "order": 4
        }
    },
    {
        "model": "ary.scorequestionnairesubsector",
        "pk": 61,
        "fields": {
            "title": "Buy-in and use by local non-governmental organizations (local NGOs)",
            "sector": 21,
            "order": 5
        }
    },
    {
        "model": "ary.scorequestionnairesubsector",
        "pk": 62,
        "fields": {
            "title": "Buy-in and use by members of the Red Cross / Red Crescent Movement",
            "sector": 21,
            "order": 6
        }
    },
    {
        "model": "ary.scorequestionnairesubsector",
        "pk": 63,
        "fields": {
            "title": "Buy-in and use by donors",
            "sector": 21,
            "order": 7
        }
    },
    {
        "model": "ary.scorequestionnairesubsector",
        "pk": 64,
        "fields": {
            "title": "Buy-in and use by national and local government agencies",
            "sector": 21,
            "order": 8
        }
    },
    {
        "model": "ary.scorequestionnairesubsector",
        "pk": 65,
        "fields": {
            "title": "Buy-in and use by development and stabilization actors",
            "sector": 21,
            "order": 9
        }
    },
    {
        "model": "ary.scorequestionnairesubsector",
        "pk": 66,
        "fields": {
            "title": "Affected and vulnerable groups comprehensiveness",
            "sector": 22,
            "order": 1
        }
    },
    {
        "model": "ary.scorequestionnairesubsector",
        "pk": 67,
        "fields": {
            "title": "Safety and protection",
            "sector": 22,
            "order": 2
        }
    },
    {
        "model": "ary.scorequestionnairesubsector",
        "pk": 68,
        "fields": {
            "title": "Participation",
            "sector": 22,
            "order": 3
        }
    },
    {
        "model": "ary.scorequestionnairesubsector",
        "pk": 69,
        "fields": {
            "title": "Context specificity",
            "sector": 22,
            "order": 4
        }
    },
    {
        "model": "ary.scorequestionnairesubsector",
        "pk": 70,
        "fields": {
            "title": "Participation",
            "sector": 23,
            "order": 1
        }
    },
    {
        "model": "ary.scorequestionnairesubsector",
        "pk": 71,
        "fields": {
            "title": "Context specificity",
            "sector": 23,
            "order": 2
        }
    },
    {
        "model": "ary.scorequestionnairesubsector",
        "pk": 72,
        "fields": {
            "title": "Description",
            "sector": 23,
            "order": 3
        }
    },
    {
        "model": "ary.scorequestionnairesubsector",
        "pk": 73,
        "fields": {
            "title": "Active dissemination",
            "sector": 23,
            "order": 4
        }
    },
    {
        "model": "ary.scorequestionnairesubsector",
        "pk": 74,
        "fields": {
            "title": "Safety and protection",
            "sector": 24,
            "order": 1
        }
    },
    {
        "model": "ary.scorequestionnairesubsector",
        "pk": 75,
        "fields": {
            "title": "Relevance",
            "sector": 25,
            "order": 1
        }
    },
    {
        "model": "ary.scorequestionnairesubsector",
        "pk": 76,
        "fields": {
            "title": "Safety and protection",
            "sector": 26,
            "order": 1
        }
    },
    {
        "model": "ary.scorequestionnairesubsector",
        "pk": 77,
        "fields": {
            "title": "Context specificity",
            "sector": 26,
            "order": 2
        }
    },
    {
        "model": "ary.scorequestionnairesubsector",
        "pk": 78,
        "fields": {
            "title": "Humanitarian principles",
            "sector": 27,
            "order": 1
        }
    },
    {
        "model": "ary.scorequestionnairesubsector",
        "pk": 79,
        "fields": {
            "title": "Relevance",
            "sector": 28,
            "order": 1
        }
    },
    {
        "model": "ary.scorequestionnairesubsector",
        "pk": 80,
        "fields": {
            "title": "Contribution",
            "sector": 28,
            "order": 2
        }
    },
    {
        "model": "ary.scorequestionnairesubsector",
        "pk": 81,
        "fields": {
            "title": "Mitigating bias",
            "sector": 29,
            "order": 1
        }
    },
    {
        "model": "ary.scorequestionnairesubsector",
        "pk": 82,
        "fields": {
            "title": "Analytical standards",
            "sector": 29,
            "order": 2
        }
    },
    {
        "model": "ary.scorequestionnairesubsector",
        "pk": 83,
        "fields": {
            "title": "Analytical standards",
            "sector": 30,
            "order": 1
        }
    },
    {
        "model": "ary.scorequestionnairesubsector",
        "pk": 84,
        "fields": {
            "title": "Safety and protection",
            "sector": 31,
            "order": 1
        }
    },
    {
        "model": "ary.scorequestionnairesubsector",
        "pk": 85,
        "fields": {
            "title": "Active dissemination",
            "sector": 32,
            "order": 1
        }
    },
    {
        "model": "ary.scorequestionnairesubsector",
        "pk": 86,
        "fields": {
            "title": "Transparency",
            "sector": 33,
            "order": 1
        }
    },
    {
        "model": "ary.scorequestionnairesubsector",
        "pk": 87,
        "fields": {
            "title": "Analytical standards",
            "sector": 33,
            "order": 2
        }
    },
    {
        "model": "ary.scorequestionnairesubsector",
        "pk": 88,
        "fields": {
            "title": "Mitigating bias",
            "sector": 34,
            "order": 1
        }
    },
    {
        "model": "ary.scorequestionnairesubsector",
        "pk": 89,
        "fields": {
            "title": "Analytical standards",
            "sector": 34,
            "order": 2
        }
    },
    {
        "model": "ary.scorequestionnaire",
        "pk": 1,
        "fields": {
            "text": "The HNO builds on a thorough mapping of existing needs assessments (assessment registry).",
            "sub_sector": 1,
            "required": true,
            "order": 1
        }
    },
    {
        "model": "ary.scorequestionnaire",
        "pk": 2,
        "fields": {
            "text": "The HNO covers all areas affected by the crisis.",
            "sub_sector": 2,
            "required": true,
            "order": 1
        }
    },
    {
        "model": "ary.scorequestionnaire",
        "pk": 3,
        "fields": {
            "text": "Within the affected areas, HNO results are broken down at least to administrative level 2 (district).",
            "sub_sector": 2,
            "required": false,
            "order": 2
        }
    },
    {
        "model": "ary.scorequestionnaire",
        "pk": 4,
        "fields": {
            "text": "The HNO covers all relevant humanitarian sectors.",
            "sub_sector": 3,
            "required": true,
            "order": 1
        }
    },
    {
        "model": "ary.scorequestionnaire",
        "pk": 5,
        "fields": {
            "text": "Within sectors/clusters, the HNO covers all relevant sub-sectors/areas of responsibility.",
            "sub_sector": 3,
            "required": true,
            "order": 2
        }
    },
    {
        "model": "ary.scorequestionnaire",
        "pk": 6,
        "fields": {
            "text": "The HNO includes an inter-sectoral analysis.",
            "sub_sector": 3,
            "required": true,
            "order": 3
        }
    },
    {
        "model": "ary.scorequestionnaire",
        "pk": 7,
        "fields": {
            "text": "The analysis for each sector considers gender and protection issues.",
            "sub_sector": 3,
            "required": true,
            "order": 4
        }
    },
    {
        "model": "ary.scorequestionnaire",
        "pk": 8,
        "fields": {
            "text": "The HNO addresses other cross-cutting issues (e.g. age, disability, the environment, early recovery, and HIV/AIDS) where they are relevant.",
            "sub_sector": 3,
            "required": true,
            "order": 5
        }
    },
    {
        "model": "ary.scorequestionnaire",
        "pk": 9,
        "fields": {
            "text": "The HNO covers all relevant affected groups (e.g. displaced and non-displaced affected people, casualties. See IMWG 2016 support package to the humanitarian profile).",
            "sub_sector": 4,
            "required": true,
            "order": 1
        }
    },
    {
        "model": "ary.scorequestionnaire",
        "pk": 10,
        "fields": {
            "text": "Within affected groups, HNO results are broken down at least at level 3 of the humanitarian profile (i.e. distinguishing between dead, injured, missing, host and non-host communities, IDPs, refugees/asylum seekers, returnees and others of concern).",
            "sub_sector": 4,
            "required": true,
            "order": 2
        }
    },
    {
        "model": "ary.scorequestionnaire",
        "pk": 11,
        "fields": {
            "text": "The HNO indicates which groups are particularly vulnerable in the given context (e.g. women, elderly, children, people with disabilities, minorities, etc.)",
            "sub_sector": 4,
            "required": false,
            "order": 3
        }
    },
    {
        "model": "ary.scorequestionnaire",
        "pk": 12,
        "fields": {
            "text": "Results for relevant indicators are disaggregated by the vulnerable groups identified as per the previous criterion.",
            "sub_sector": 4,
            "required": false,
            "order": 4
        }
    },
    {
        "model": "ary.scorequestionnaire",
        "pk": 13,
        "fields": {
            "text": "The HNO identifies relevant distinctions within vulnerable groups (e.g. different types of disabilities, different age groups within gender groups, different gender groups within minority groups, etc.).",
            "sub_sector": 4,
            "required": false,
            "order": 5
        }
    },
    {
        "model": "ary.scorequestionnaire",
        "pk": 14,
        "fields": {
            "text": "The HNO is transparent about the number, types, dates and locations of the needs assessments used for the analysis.",
            "sub_sector": 5,
            "required": true,
            "order": 1
        }
    },
    {
        "model": "ary.scorequestionnaire",
        "pk": 15,
        "fields": {
            "text": "The HNO assess the comprehensiveness and reliability of the information used for the analysis and is transparent about limitations and information gaps and their impact on key conclusions.",
            "sub_sector": 5,
            "required": true,
            "order": 2
        }
    },
    {
        "model": "ary.scorequestionnaire",
        "pk": 16,
        "fields": {
            "text": "The HNO indicates sources or references for key findings, data and graphs.",
            "sub_sector": 5,
            "required": true,
            "order": 3
        }
    },
    {
        "model": "ary.scorequestionnaire",
        "pk": 17,
        "fields": {
            "text": "The HNO is transparent about the methods used for calculating key humanitarian population figures and the severity of needs.",
            "sub_sector": 5,
            "required": true,
            "order": 4
        }
    },
    {
        "model": "ary.scorequestionnaire",
        "pk": 18,
        "fields": {
            "text": "The HNO specifies probabilities, confidence levels and uncertainty attached to key findings, humanitarian population figures or conclusions.",
            "sub_sector": 5,
            "required": false,
            "order": 5
        }
    },
    {
        "model": "ary.scorequestionnaire",
        "pk": 19,
        "fields": {
            "text": "Information used for calculating humanitarian population figures is based on representative surveys, involving randomly selected respondents.",
            "sub_sector": 6,
            "required": false,
            "order": 1
        }
    },
    {
        "model": "ary.scorequestionnaire",
        "pk": 20,
        "fields": {
            "text": "Survey data used for calculating humanitarian population figures are at most three months old.",
            "sub_sector": 6,
            "required": false,
            "order": 2
        }
    },
    {
        "model": "ary.scorequestionnaire",
        "pk": 21,
        "fields": {
            "text": "Different analytical lenses, such as gender, age, disability, and protection, are applied during the analysis.",
            "sub_sector": 6,
            "required": false,
            "order": 3
        }
    },
    {
        "model": "ary.scorequestionnaire",
        "pk": 22,
        "fields": {
            "text": "The HNO team includes international and national members and is mixed in terms of institutional backgrounds, disciplines, and gender.",
            "sub_sector": 6,
            "required": false,
            "order": 4
        }
    },
    {
        "model": "ary.scorequestionnaire",
        "pk": 23,
        "fields": {
            "text": "The HNO reports which humanitarian needs affected people and/or their representatives consider priority.",
            "sub_sector": 7,
            "required": true,
            "order": 1
        }
    },
    {
        "model": "ary.scorequestionnaire",
        "pk": 24,
        "fields": {
            "text": "The HNO builds on information collected directly from the affected population rather than only via their representatives or sectoral experts in each key sector.",
            "sub_sector": 7,
            "required": false,
            "order": 2
        }
    },
    {
        "model": "ary.scorequestionnaire",
        "pk": 25,
        "fields": {
            "text": "The HNO makes explicit whether there are differences between priorities expressed by men and women for each sector.",
            "sub_sector": 7,
            "required": false,
            "order": 3
        }
    },
    {
        "model": "ary.scorequestionnaire",
        "pk": 26,
        "fields": {
            "text": "The HNO establishes which issues different vulnerable groups, including people with disabilities and other potentially marginalized and discriminated groups, see as priorities.",
            "sub_sector": 7,
            "required": false,
            "order": 4
        }
    },
    {
        "model": "ary.scorequestionnaire",
        "pk": 27,
        "fields": {
            "text": "The HNO analysis is guided by a jointly agreed analytical framework, including a theoretical framework, a data collection and an analysis plan.",
            "sub_sector": 8,
            "required": true,
            "order": 1
        }
    },
    {
        "model": "ary.scorequestionnaire",
        "pk": 28,
        "fields": {
            "text": "The HNO states whether there are any evidence-based alternative views, contrary information or dissenting explanations or interpretations.",
            "sub_sector": 8,
            "required": false,
            "order": 2
        }
    },
    {
        "model": "ary.scorequestionnaire",
        "pk": 29,
        "fields": {
            "text": "The HNO makes assumptions explicit.",
            "sub_sector": 8,
            "required": false,
            "order": 3
        }
    },
    {
        "model": "ary.scorequestionnaire",
        "pk": 30,
        "fields": {
            "text": "The HNO identifies key issues affecting people at sector and intersector level, including\u00a0protection risks.",
            "sub_sector": 9,
            "required": true,
            "order": 1
        }
    },
    {
        "model": "ary.scorequestionnaire",
        "pk": 31,
        "fields": {
            "text": "The HNO establishes the humanitarian profile of the crisis (types of affected groups and numbers). \nSee IMWG 2016 Support package to the humanitarian profile",
            "sub_sector": 9,
            "required": true,
            "order": 2
        }
    },
    {
        "model": "ary.scorequestionnaire",
        "pk": 32,
        "fields": {
            "text": "The HNO identifies what coping mechanisms affected people use to deal with the key crisis-related issues affecting them for each sector.",
            "sub_sector": 9,
            "required": true,
            "order": 3
        }
    },
    {
        "model": "ary.scorequestionnaire",
        "pk": 33,
        "fields": {
            "text": "The HNO identifies the capacities of affected people and local authorities to cope with and respond to the crisis for each sector.",
            "sub_sector": 9,
            "required": false,
            "order": 4
        }
    },
    {
        "model": "ary.scorequestionnaire",
        "pk": 34,
        "fields": {
            "text": "The HNO identifies the scope and reach of existing humanitarian assistance.",
            "sub_sector": 9,
            "required": false,
            "order": 5
        }
    },
    {
        "model": "ary.scorequestionnaire",
        "pk": 35,
        "fields": {
            "text": "The HNO identifies the information needs and communication preferences of affected communities.",
            "sub_sector": 9,
            "required": false,
            "order": 6
        }
    },
    {
        "model": "ary.scorequestionnaire",
        "pk": 36,
        "fields": {
            "text": "The HNO uses earlier data to establish trends or evolutions in the humanitarian situation at sector and intersector level and - where applicable - to compare current findings to the situation before the crisis.",
            "sub_sector": 9,
            "required": false,
            "order": 7
        }
    },
    {
        "model": "ary.scorequestionnaire",
        "pk": 37,
        "fields": {
            "text": "The HNO identifies humanitarian access constraints, including obstacles for people in need in accessing assistance, constraints for humanitarian actors to access people in need and physical constraints.",
            "sub_sector": 9,
            "required": true,
            "order": 8
        }
    },
    {
        "model": "ary.scorequestionnaire",
        "pk": 38,
        "fields": {
            "text": "The HNO identifies driver(s) and underlying factors of the main humanitarian issues at sector and intersector level.",
            "sub_sector": 10,
            "required": true,
            "order": 1
        }
    },
    {
        "model": "ary.scorequestionnaire",
        "pk": 39,
        "fields": {
            "text": "The HNO estimates and compares the number of people in need per sector or thematic area and disaggregates results by severity class. --> See 2016 IMWG Humanitarian population figures",
            "sub_sector": 11,
            "required": true,
            "order": 1
        }
    },
    {
        "model": "ary.scorequestionnaire",
        "pk": 40,
        "fields": {
            "text": "The HNO estimates and compares the number of people in need by geographical area and disaggregates results by severity class. --> See 2016 IMWG Humanitarian population figures",
            "sub_sector": 11,
            "required": true,
            "order": 2
        }
    },
    {
        "model": "ary.scorequestionnaire",
        "pk": 41,
        "fields": {
            "text": "The HNO estimates and compares the number of people in need by affected group and disaggregates results by severity class.--> See 2016 IMWG Humanitarian population figures",
            "sub_sector": 11,
            "required": true,
            "order": 3
        }
    },
    {
        "model": "ary.scorequestionnaire",
        "pk": 42,
        "fields": {
            "text": "The HNO estimates the overall number of people in need at inter-sector level and disaggregates results by severity class. --> See 2016 IMWG Humanitarian population figures",
            "sub_sector": 11,
            "required": true,
            "order": 4
        }
    },
    {
        "model": "ary.scorequestionnaire",
        "pk": 43,
        "fields": {
            "text": "The HNO includes a projection of likely future humanitarian needs.",
            "sub_sector": 12,
            "required": true,
            "order": 1
        }
    },
    {
        "model": "ary.scorequestionnaire",
        "pk": 44,
        "fields": {
            "text": "Preliminary or final results are shared with response planners in advance of the response analysis and the planning/decision-making process.",
            "sub_sector": 13,
            "required": true,
            "order": 1
        }
    },
    {
        "model": "ary.scorequestionnaire",
        "pk": 45,
        "fields": {
            "text": "The HNO report includes an overview map and an executive summary of the main needs and key humanitarian population figures.",
            "sub_sector": 14,
            "required": false,
            "order": 1
        }
    },
    {
        "model": "ary.scorequestionnaire",
        "pk": 46,
        "fields": {
            "text": "The report has a table of contents, is written in plain language and follows a logical structure.",
            "sub_sector": 14,
            "required": false,
            "order": 2
        }
    },
    {
        "model": "ary.scorequestionnaire",
        "pk": 47,
        "fields": {
            "text": "Conclusions are presented clearly and concisely and supported by evidence and well-reasoned arguments.",
            "sub_sector": 14,
            "required": false,
            "order": 3
        }
    },
    {
        "model": "ary.scorequestionnaire",
        "pk": 48,
        "fields": {
            "text": "Appropriate and effective visualizations (e.g. charts, maps, infographics) are used to illustrate the findings and support key conclusions.",
            "sub_sector": 14,
            "required": false,
            "order": 4
        }
    },
    {
        "model": "ary.scorequestionnaire",
        "pk": 49,
        "fields": {
            "text": "The HNO report and the data are accessible on the most common humanitarian information platforms (e.g. HR.info, Reliefweb, HDX, UNHCR operational portal, cluster websites, etc.).",
            "sub_sector": 15,
            "required": true,
            "order": 1
        }
    },
    {
        "model": "ary.scorequestionnaire",
        "pk": 50,
        "fields": {
            "text": "HNO results were presented to key actors and relevant decision-making fora at national and local level.",
            "sub_sector": 15,
            "required": false,
            "order": 2
        }
    },
    {
        "model": "ary.scorequestionnaire",
        "pk": 51,
        "fields": {
            "text": "The HNO report has been translated into local languages so that local and national actors and affected people can use it.",
            "sub_sector": 15,
            "required": false,
            "order": 3
        }
    },
    {
        "model": "ary.scorequestionnaire",
        "pk": 52,
        "fields": {
            "text": "The Humanitarian Response Plan / appeal references the HNO.",
            "sub_sector": 16,
            "required": false,
            "order": 1
        }
    },
    {
        "model": "ary.scorequestionnaire",
        "pk": 53,
        "fields": {
            "text": "The Humanitarian Response Plan / appeal reflects the geographic priorities suggested by the HNO.",
            "sub_sector": 16,
            "required": false,
            "order": 2
        }
    },
    {
        "model": "ary.scorequestionnaire",
        "pk": 54,
        "fields": {
            "text": "The Humanitarian Response Plan / appeal reflects the thematic and sectoral priorities suggested by the HNO.",
            "sub_sector": 16,
            "required": false,
            "order": 3
        }
    },
    {
        "model": "ary.scorequestionnaire",
        "pk": 55,
        "fields": {
            "text": "The Humanitarian Response Plan / appeal reflects the priorities between different affected and vulnerable groups suggested by the HNO.",
            "sub_sector": 16,
            "required": false,
            "order": 4
        }
    },
    {
        "model": "ary.scorequestionnaire",
        "pk": 56,
        "fields": {
            "text": "At the end of the HNO, partners review the assessment process, methodology and tools to identify lessons and improve assessment preparedness in-country and joint assessment practice in general.",
            "sub_sector": 16,
            "required": false,
            "order": 5
        }
    },
    {
        "model": "ary.scorequestionnaire",
        "pk": 57,
        "fields": {
            "text": "A majority of interviewed cluster/sector representatives perceives the HNO as useful.",
            "sub_sector": 17,
            "required": false,
            "order": 1
        }
    },
    {
        "model": "ary.scorequestionnaire",
        "pk": 58,
        "fields": {
            "text": "A majority of interviewed cluster/sector representatives perceives the HNO as unbiased.",
            "sub_sector": 17,
            "required": false,
            "order": 2
        }
    },
    {
        "model": "ary.scorequestionnaire",
        "pk": 59,
        "fields": {
            "text": "Planning documents of a majority of consulted clusters/sectors reflect the geographic priorities suggested by the HNO.",
            "sub_sector": 17,
            "required": false,
            "order": 3
        }
    },
    {
        "model": "ary.scorequestionnaire",
        "pk": 60,
        "fields": {
            "text": "Planning documents of a majority of consulted clusters/sectors reflect the thematic and sectoral priorities suggested by the HNO.",
            "sub_sector": 17,
            "required": false,
            "order": 4
        }
    },
    {
        "model": "ary.scorequestionnaire",
        "pk": 61,
        "fields": {
            "text": "Planning documents of a majority of consulted clusters/sectors reflect the priorities between affected and vulnerable groups suggested by the HNO.",
            "sub_sector": 17,
            "required": false,
            "order": 5
        }
    },
    {
        "model": "ary.scorequestionnaire",
        "pk": 62,
        "fields": {
            "text": "A majority of interviewed UN agencies perceives the HNO as useful.",
            "sub_sector": 18,
            "required": false,
            "order": 1
        }
    },
    {
        "model": "ary.scorequestionnaire",
        "pk": 63,
        "fields": {
            "text": "A majority of interviewed UN agencies perceives the HNO as unbiased.",
            "sub_sector": 18,
            "required": false,
            "order": 2
        }
    },
    {
        "model": "ary.scorequestionnaire",
        "pk": 64,
        "fields": {
            "text": "Planning documents of a majority of interviewed UN agencies reflect the geographic priorities suggested by the HNO.",
            "sub_sector": 18,
            "required": false,
            "order": 3
        }
    },
    {
        "model": "ary.scorequestionnaire",
        "pk": 65,
        "fields": {
            "text": "Planning documents of a majority of interviewed UN agencies reflect the priorities between humanitarian sectors and sub-sectors suggested by the HNO.",
            "sub_sector": 18,
            "required": false,
            "order": 4
        }
    },
    {
        "model": "ary.scorequestionnaire",
        "pk": 66,
        "fields": {
            "text": "Planning documents of a majority of interviewed UN agencies reflect the priorities between affected and vulnerable groups suggested by the HNO.",
            "sub_sector": 18,
            "required": false,
            "order": 5
        }
    },
    {
        "model": "ary.scorequestionnaire",
        "pk": 67,
        "fields": {
            "text": "A majority of interviewed INGOs perceives the HNO as useful.",
            "sub_sector": 19,
            "required": false,
            "order": 1
        }
    },
    {
        "model": "ary.scorequestionnaire",
        "pk": 68,
        "fields": {
            "text": "A majority of interviewed INGOs perceives the HNO as unbiased.",
            "sub_sector": 19,
            "required": false,
            "order": 2
        }
    },
    {
        "model": "ary.scorequestionnaire",
        "pk": 69,
        "fields": {
            "text": "Planning documents of a majority of interviewed INGOs reflect the geographic priorities suggested by the HNO.",
            "sub_sector": 19,
            "required": false,
            "order": 3
        }
    },
    {
        "model": "ary.scorequestionnaire",
        "pk": 70,
        "fields": {
            "text": "Planning documents of a majority of interviewed INGOs reflect the priorities between humanitarian sectors and sub-sectors suggested by the HNO.",
            "sub_sector": 19,
            "required": false,
            "order": 4
        }
    },
    {
        "model": "ary.scorequestionnaire",
        "pk": 71,
        "fields": {
            "text": "Planning documents of a majority of interviewed INGOs reflect the priorities between affected and vulnerable groups suggested by the HNO.",
            "sub_sector": 19,
            "required": false,
            "order": 5
        }
    },
    {
        "model": "ary.scorequestionnaire",
        "pk": 72,
        "fields": {
            "text": "A majority of interviewed local NGOs perceives the HNO as useful.",
            "sub_sector": 20,
            "required": false,
            "order": 1
        }
    },
    {
        "model": "ary.scorequestionnaire",
        "pk": 73,
        "fields": {
            "text": "A majority of interviewed local NGOs perceives the HNO as unbiased.",
            "sub_sector": 20,
            "required": false,
            "order": 2
        }
    },
    {
        "model": "ary.scorequestionnaire",
        "pk": 74,
        "fields": {
            "text": "Planning documents of a majority of interviewed local NGOs reflect the geographic priorities suggested by the HNO.",
            "sub_sector": 20,
            "required": false,
            "order": 3
        }
    },
    {
        "model": "ary.scorequestionnaire",
        "pk": 75,
        "fields": {
            "text": "Planning documents of a majority of interviewed local NGOs reflect the priorities between humanitarian sectors and sub-sectors suggested by the HNO.",
            "sub_sector": 20,
            "required": false,
            "order": 4
        }
    },
    {
        "model": "ary.scorequestionnaire",
        "pk": 76,
        "fields": {
            "text": "Planning documents of a majority of interviewed local NGOs reflect the priorities between affected and vulnerable groups suggested by the HNO.",
            "sub_sector": 20,
            "required": false,
            "order": 5
        }
    },
    {
        "model": "ary.scorequestionnaire",
        "pk": 77,
        "fields": {
            "text": "A majority of interviewed Red Cross/Red Crescent representatives perceives the HNO as useful.",
            "sub_sector": 21,
            "required": false,
            "order": 1
        }
    },
    {
        "model": "ary.scorequestionnaire",
        "pk": 78,
        "fields": {
            "text": "A majority of interviewed Red Cross/Red Crescent representatives perceives the HNO as unbiased.",
            "sub_sector": 21,
            "required": false,
            "order": 2
        }
    },
    {
        "model": "ary.scorequestionnaire",
        "pk": 79,
        "fields": {
            "text": "Planning documents of a majority of consulted Red Cross/Red Crescent organizations reflect the geographic priorities suggested by the HNO.",
            "sub_sector": 21,
            "required": false,
            "order": 3
        }
    },
    {
        "model": "ary.scorequestionnaire",
        "pk": 80,
        "fields": {
            "text": "Planning documents of a majority of consulted Red Cross/Red Crescent organizations reflect the priorities between humanitarian sectors and sub-sectors suggested by the HNO.",
            "sub_sector": 21,
            "required": false,
            "order": 4
        }
    },
    {
        "model": "ary.scorequestionnaire",
        "pk": 81,
        "fields": {
            "text": "Planning documents of a majority of consulted Red Cross/Red Crescent organizations reflect the priorities between affected and vulnerable groups suggested by the HNO.",
            "sub_sector": 21,
            "required": false,
            "order": 5
        }
    },
    {
        "model": "ary.scorequestionnaire",
        "pk": 82,
        "fields": {
            "text": "A majority of interviewed donor representatives perceives the HNO as useful.",
            "sub_sector": 22,
            "required": false,
            "order": 1
        }
    },
    {
        "model": "ary.scorequestionnaire",
        "pk": 83,
        "fields": {
            "text": "A majority of interviewed donor representatives perceives the HNO as unbiased.",
            "sub_sector": 22,
            "required": false,
            "order": 2
        }
    },
    {
        "model": "ary.scorequestionnaire",
        "pk": 84,
        "fields": {
            "text": "Planning documents of a majority of consulted donors reflect the geographic priorities suggested by the HNO.",
            "sub_sector": 22,
            "required": false,
            "order": 3
        }
    },
    {
        "model": "ary.scorequestionnaire",
        "pk": 85,
        "fields": {
            "text": "Planning documents of a majority of consulted donors reflect the priorities between humanitarian sectors and sub-sectors suggested by the HNO.",
            "sub_sector": 22,
            "required": false,
            "order": 4
        }
    },
    {
        "model": "ary.scorequestionnaire",
        "pk": 86,
        "fields": {
            "text": "Planning documents of a majority of consulted donors reflect the priorities between affected and vulnerable groups suggested by the HNO.",
            "sub_sector": 22,
            "required": false,
            "order": 5
        }
    },
    {
        "model": "ary.scorequestionnaire",
        "pk": 87,
        "fields": {
            "text": "A majority of interviewed government representatives perceives the HNO as useful.",
            "sub_sector": 23,
            "required": false,
            "order": 1
        }
    },
    {
        "model": "ary.scorequestionnaire",
        "pk": 88,
        "fields": {
            "text": "A majority of interviewed government representatives perceives the HNO as unbiased.",
            "sub_sector": 23,
            "required": false,
            "order": 2
        }
    },
    {
        "model": "ary.scorequestionnaire",
        "pk": 89,
        "fields": {
            "text": "Government plans for the humanitarian response reflect the geographic priorities suggested by the HNO.",
            "sub_sector": 23,
            "required": false,
            "order": 3
        }
    },
    {
        "model": "ary.scorequestionnaire",
        "pk": 90,
        "fields": {
            "text": "Government plans for the humanitarian response reflect the priorities between humanitarian sectors and sub-sectors suggested by the HNO.",
            "sub_sector": 23,
            "required": false,
            "order": 4
        }
    },
    {
        "model": "ary.scorequestionnaire",
        "pk": 91,
        "fields": {
            "text": "Government plans for the humanitarian response reflect the priorities between affected and vulnerable groups suggested by the HNO.",
            "sub_sector": 23,
            "required": false,
            "order": 5
        }
    },
    {
        "model": "ary.scorequestionnaire",
        "pk": 92,
        "fields": {
            "text": "A majority of interviewed development and stabilization actors is aware of the HNO.",
            "sub_sector": 24,
            "required": false,
            "order": 1
        }
    },
    {
        "model": "ary.scorequestionnaire",
        "pk": 93,
        "fields": {
            "text": "A majority of interviewed development and stabilization actors perceives the HNO as useful.",
            "sub_sector": 24,
            "required": false,
            "order": 2
        }
    },
    {
        "model": "ary.scorequestionnaire",
        "pk": 94,
        "fields": {
            "text": "A majority of interviewed development and stabilization actors perceives the HNO as unbiased.",
            "sub_sector": 24,
            "required": false,
            "order": 3
        }
    },
    {
        "model": "ary.scorequestionnaire",
        "pk": 95,
        "fields": {
            "text": "A majority of interviewed development and stabilization actors states that they have considered HNO findings in their planning processes.",
            "sub_sector": 24,
            "required": false,
            "order": 4
        }
    },
    {
        "model": "ary.scorequestionnaire",
        "pk": 96,
        "fields": {
            "text": "The HNO covers all relevant affected groups (e.g. displaced and non-displaced affected people, casualties. See IMWG 2016 support package to the humanitarian profile).",
            "sub_sector": 25,
            "required": false,
            "order": 1
        }
    },
    {
        "model": "ary.scorequestionnaire",
        "pk": 97,
        "fields": {
            "text": "Within affected groups, HNO results are broken down at least at level 3 of the humanitarian profile (i.e. distinguishing between dead, injured, missing, host and non-host communities, IDPs, refugees/asylum seekers, returnees and others of concern).",
            "sub_sector": 25,
            "required": false,
            "order": 2
        }
    },
    {
        "model": "ary.scorequestionnaire",
        "pk": 98,
        "fields": {
            "text": "The HNO indicates which groups are particularly vulnerable in the given context (e.g. women, elderly, children, people with disabilities, minorities, etc.)",
            "sub_sector": 25,
            "required": false,
            "order": 3
        }
    },
    {
        "model": "ary.scorequestionnaire",
        "pk": 99,
        "fields": {
            "text": "Results for relevant indicators are disaggregated by the vulnerable groups identified as per the previous criterion.",
            "sub_sector": 25,
            "required": false,
            "order": 4
        }
    },
    {
        "model": "ary.scorequestionnaire",
        "pk": 100,
        "fields": {
            "text": "The HNO identifies relevant distinctions within vulnerable groups (e.g. different types of disabilities, different age groups within gender groups, different gender groups within minority groups, etc.).",
            "sub_sector": 25,
            "required": false,
            "order": 5
        }
    },
    {
        "model": "ary.scorequestionnaire",
        "pk": 101,
        "fields": {
            "text": "The HNO builds on information collected directly from the affected population rather than only via their representatives or sectoral experts in each key sector.",
            "sub_sector": 26,
            "required": false,
            "order": 1
        }
    },
    {
        "model": "ary.scorequestionnaire",
        "pk": 102,
        "fields": {
            "text": "The HNO makes explicit whether there are differences between priorities expressed by men and women for each sector.",
            "sub_sector": 26,
            "required": false,
            "order": 2
        }
    },
    {
        "model": "ary.scorequestionnaire",
        "pk": 103,
        "fields": {
            "text": "The HNO establishes which issues different vulnerable groups, including people with disabilities and other potentially marginalized and discriminated groups, see as priorities.",
            "sub_sector": 26,
            "required": false,
            "order": 3
        }
    },
    {
        "model": "ary.scorequestionnaire",
        "pk": 104,
        "fields": {
            "text": "The HNO reports which humanitarian needs affected people and/or their representatives consider priority.",
            "sub_sector": 27,
            "required": false,
            "order": 1
        }
    },
    {
        "model": "ary.scorequestionnaire",
        "pk": 105,
        "fields": {
            "text": "The HNO identifies key issues affecting people at sector and intersector level, including\u00a0protection risks.",
            "sub_sector": 28,
            "required": false,
            "order": 1
        }
    },
    {
        "model": "ary.scorequestionnaire",
        "pk": 106,
        "fields": {
            "text": "The HNO establishes the humanitarian profile of the crisis (types of affected groups and numbers). \nSee IMWG 2016 Support package to the humanitarian profile",
            "sub_sector": 28,
            "required": false,
            "order": 2
        }
    },
    {
        "model": "ary.scorequestionnaire",
        "pk": 107,
        "fields": {
            "text": "The HNO identifies what coping mechanisms affected people use to deal with the key crisis-related issues affecting them for each sector.",
            "sub_sector": 28,
            "required": false,
            "order": 3
        }
    },
    {
        "model": "ary.scorequestionnaire",
        "pk": 108,
        "fields": {
            "text": "The HNO identifies the capacities of affected people and local authorities to cope with and respond to the crisis for each sector.",
            "sub_sector": 28,
            "required": false,
            "order": 4
        }
    },
    {
        "model": "ary.scorequestionnaire",
        "pk": 109,
        "fields": {
            "text": "The HNO identifies the information needs and communication preferences of affected communities.",
            "sub_sector": 28,
            "required": false,
            "order": 5
        }
    },
    {
        "model": "ary.scorequestionnaire",
        "pk": 110,
        "fields": {
            "text": "The HNO identifies humanitarian access constraints, including obstacles for people in need in accessing assistance, constraints for humanitarian actors to access people in need and physical constraints.",
            "sub_sector": 28,
            "required": false,
            "order": 6
        }
    },
    {
        "model": "ary.scorequestionnaire",
        "pk": 111,
        "fields": {
            "text": "The HNO report has been translated into local languages so that local and national actors and affected people can use it.",
            "sub_sector": 29,
            "required": false,
            "order": 1
        }
    },
    {
        "model": "ary.scorequestionnaire",
        "pk": 112,
        "fields": {
            "text": "Information used for calculating humanitarian population figures is based on representative surveys, involving randomly selected respondents.",
            "sub_sector": 30,
            "required": false,
            "order": 1
        }
    },
    {
        "model": "ary.scorequestionnaire",
        "pk": 113,
        "fields": {
            "text": "Survey data used for calculating humanitarian population figures are at most three months old.",
            "sub_sector": 30,
            "required": false,
            "order": 2
        }
    },
    {
        "model": "ary.scorequestionnaire",
        "pk": 114,
        "fields": {
            "text": "Different analytical lenses, such as gender, age, disability, and protection, are applied during the analysis.",
            "sub_sector": 30,
            "required": false,
            "order": 3
        }
    },
    {
        "model": "ary.scorequestionnaire",
        "pk": 115,
        "fields": {
            "text": "The HNO team includes international and national members and is mixed in terms of institutional backgrounds, disciplines, and gender.",
            "sub_sector": 30,
            "required": false,
            "order": 4
        }
    },
    {
        "model": "ary.scorequestionnaire",
        "pk": 116,
        "fields": {
            "text": "The HNO analysis is guided by a jointly agreed analytical framework, including a theoretical framework, a data collection and an analysis plan.",
            "sub_sector": 31,
            "required": false,
            "order": 1
        }
    },
    {
        "model": "ary.scorequestionnaire",
        "pk": 117,
        "fields": {
            "text": "The HNO states whether there are any evidence-based alternative views, contrary information or dissenting explanations or interpretations.",
            "sub_sector": 32,
            "required": false,
            "order": 1
        }
    },
    {
        "model": "ary.scorequestionnaire",
        "pk": 118,
        "fields": {
            "text": "The HNO report and the data are accessible on the most common humanitarian information platforms (e.g. HR.info, Reliefweb, HDX, UNHCR operational portal, cluster websites, etc.).",
            "sub_sector": 33,
            "required": false,
            "order": 1
        }
    },
    {
        "model": "ary.scorequestionnaire",
        "pk": 119,
        "fields": {
            "text": "HNO results were presented to key actors and relevant decision-making fora at national and local level.",
            "sub_sector": 33,
            "required": false,
            "order": 2
        }
    },
    {
        "model": "ary.scorequestionnaire",
        "pk": 120,
        "fields": {
            "text": "The HNO report has been translated into local languages so that local and national actors and affected people can use it.",
            "sub_sector": 33,
            "required": false,
            "order": 3
        }
    },
    {
        "model": "ary.scorequestionnaire",
        "pk": 121,
        "fields": {
            "text": "The HNO is transparent about the number, types, dates and locations of the needs assessments used for the analysis.",
            "sub_sector": 34,
            "required": false,
            "order": 1
        }
    },
    {
        "model": "ary.scorequestionnaire",
        "pk": 122,
        "fields": {
            "text": "The HNO assess the comprehensiveness and reliability of the information used for the analysis and is transparent about limitations and information gaps and their impact on key conclusions.",
            "sub_sector": 34,
            "required": false,
            "order": 2
        }
    },
    {
        "model": "ary.scorequestionnaire",
        "pk": 123,
        "fields": {
            "text": "The HNO indicates sources or references for key findings, data and graphs.",
            "sub_sector": 34,
            "required": false,
            "order": 3
        }
    },
    {
        "model": "ary.scorequestionnaire",
        "pk": 124,
        "fields": {
            "text": "The HNO is transparent about the methods used for calculating key humanitarian population figures and the severity of needs.",
            "sub_sector": 34,
            "required": false,
            "order": 4
        }
    },
    {
        "model": "ary.scorequestionnaire",
        "pk": 125,
        "fields": {
            "text": "The HNO specifies probabilities, confidence levels and uncertainty attached to key findings, humanitarian population figures or conclusions.",
            "sub_sector": 34,
            "required": false,
            "order": 5
        }
    },
    {
        "model": "ary.scorequestionnaire",
        "pk": 126,
        "fields": {
            "text": "The HNO makes assumptions explicit.",
            "sub_sector": 35,
            "required": false,
            "order": 1
        }
    },
    {
        "model": "ary.scorequestionnaire",
        "pk": 127,
        "fields": {
            "text": "Information used for calculating humanitarian population figures is based on representative surveys, involving randomly selected respondents.",
            "sub_sector": 36,
            "required": false,
            "order": 1
        }
    },
    {
        "model": "ary.scorequestionnaire",
        "pk": 128,
        "fields": {
            "text": "Survey data used for calculating humanitarian population figures are at most three months old.",
            "sub_sector": 36,
            "required": false,
            "order": 2
        }
    },
    {
        "model": "ary.scorequestionnaire",
        "pk": 129,
        "fields": {
            "text": "Different analytical lenses, such as gender, age, disability, and protection, are applied during the analysis.",
            "sub_sector": 36,
            "required": false,
            "order": 3
        }
    },
    {
        "model": "ary.scorequestionnaire",
        "pk": 130,
        "fields": {
            "text": "The HNO team includes international and national members and is mixed in terms of institutional backgrounds, disciplines, and gender.",
            "sub_sector": 36,
            "required": false,
            "order": 4
        }
    },
    {
        "model": "ary.scorequestionnaire",
        "pk": 131,
        "fields": {
            "text": "The HNO analysis is guided by a jointly agreed analytical framework, including a theoretical framework, a data collection and an analysis plan.",
            "sub_sector": 37,
            "required": false,
            "order": 1
        }
    },
    {
        "model": "ary.scorequestionnaire",
        "pk": 132,
        "fields": {
            "text": "The HNO states whether there are any evidence-based alternative views, contrary information or dissenting explanations or interpretations.",
            "sub_sector": 37,
            "required": false,
            "order": 2
        }
    },
    {
        "model": "ary.scorequestionnaire",
        "pk": 133,
        "fields": {
            "text": "The HNO makes assumptions explicit.",
            "sub_sector": 37,
            "required": false,
            "order": 3
        }
    },
    {
        "model": "ary.scorequestionnaire",
        "pk": 134,
        "fields": {
            "text": "The assessment was triggered by one of the following:\n- a significant change in the situation;\n- the need to cover critical information gaps identified through a review of secondary data; \n- the need to inform a major planning exercise;\n- a request by the affected government.",
            "sub_sector": 38,
            "required": true,
            "order": 1
        }
    },
    {
        "model": "ary.scorequestionnaire",
        "pk": 135,
        "fields": {
            "text": "The report states the assessment's general and specific objectives in terms of geographic areas, sectors, thematic areas and population groups to be assessed.",
            "sub_sector": 38,
            "required": true,
            "order": 2
        }
    },
    {
        "model": "ary.scorequestionnaire",
        "pk": 136,
        "fields": {
            "text": "Relevant decision makers, data experts, subject matter and context experts were involved in defining the objectives and the scope of the assessment to ensure it meets their information needs.",
            "sub_sector": 38,
            "required": true,
            "order": 3
        }
    },
    {
        "model": "ary.scorequestionnaire",
        "pk": 137,
        "fields": {
            "text": "The assessment is explicit about which humanitarian planning exercise it aims to inform.",
            "sub_sector": 38,
            "required": false,
            "order": 4
        }
    },
    {
        "model": "ary.scorequestionnaire",
        "pk": 138,
        "fields": {
            "text": "The assessment objectives and scope take into account existing information (e.g. assessment registry, secondary data review, lessons learnt from past assessments) and limit the burden of the assessment on the affected population by minimizing data collected.",
            "sub_sector": 38,
            "required": false,
            "order": 5
        }
    },
    {
        "model": "ary.scorequestionnaire",
        "pk": 139,
        "fields": {
            "text": "The assessment's objectives include conducting an inter-sectoral analysis.",
            "sub_sector": 38,
            "required": false,
            "order": 6
        }
    },
    {
        "model": "ary.scorequestionnaire",
        "pk": 140,
        "fields": {
            "text": "The sample of assessed areas includes all types of geographical areas relevant for the planning exercise the assessment aims to inform.",
            "sub_sector": 39,
            "required": true,
            "order": 1
        }
    },
    {
        "model": "ary.scorequestionnaire",
        "pk": 141,
        "fields": {
            "text": "The sample design matches the geographic level of detail required by the planning process the assessment aims to inform, e.g. administrative levels 1 and 2 (province, district) for strategic planning, administrative levels 3 or 4 (sub district, commune or village) for operational planning.",
            "sub_sector": 39,
            "required": false,
            "order": 2
        }
    },
    {
        "model": "ary.scorequestionnaire",
        "pk": 142,
        "fields": {
            "text": "The assessment covers all sectors (e.g. food security, shelter, education etc.) and sub-sectors (e.g. water supply, sanitation and hygiene for WASH) relevant for the planning exercise the assessment aims to inform.",
            "sub_sector": 40,
            "required": true,
            "order": 1
        }
    },
    {
        "model": "ary.scorequestionnaire",
        "pk": 143,
        "fields": {
            "text": "Sector assessment experts were involved in identifying questions for each relevant sector or sub-sector.",
            "sub_sector": 40,
            "required": false,
            "order": 2
        }
    },
    {
        "model": "ary.scorequestionnaire",
        "pk": 144,
        "fields": {
            "text": "Relevant cross-cutting issues (e.g. gender, age, disability, environment, and early recovery) are addressed in the questionnaire and the analysis.",
            "sub_sector": 40,
            "required": false,
            "order": 3
        }
    },
    {
        "model": "ary.scorequestionnaire",
        "pk": 145,
        "fields": {
            "text": "The assessment includes open questions that allow for identifying 'new' or non-sector specific issues.",
            "sub_sector": 40,
            "required": false,
            "order": 4
        }
    },
    {
        "model": "ary.scorequestionnaire",
        "pk": 146,
        "fields": {
            "text": "The assessment covers all groups potentially affected by the crisis (depending on context e.g. refugees, IDPs, host communities, affected residents, etc.).",
            "sub_sector": 41,
            "required": true,
            "order": 1
        }
    },
    {
        "model": "ary.scorequestionnaire",
        "pk": 147,
        "fields": {
            "text": "Characteristics that increase the vulnerability of different groups in the given context (e.g. gender, age, disability, minority status, displacement, etc.) are identified when developing the questionnaire.",
            "sub_sector": 41,
            "required": true,
            "order": 2
        }
    },
    {
        "model": "ary.scorequestionnaire",
        "pk": 148,
        "fields": {
            "text": "Results for relevant indicators are disaggregated by the characteristics identified as per the previous criterion.",
            "sub_sector": 41,
            "required": false,
            "order": 3
        }
    },
    {
        "model": "ary.scorequestionnaire",
        "pk": 149,
        "fields": {
            "text": "The analysis identifies relevant distinctions within these groups (e.g. different types of disabilities, different age groups within gender groups, different gender groups within minority groups, etc.).",
            "sub_sector": 41,
            "required": false,
            "order": 4
        }
    },
    {
        "model": "ary.scorequestionnaire",
        "pk": 150,
        "fields": {
            "text": "Data protection measures are in place to protect the identity of respondents, including safe storage, password protection and anonymization when sharing data.",
            "sub_sector": 42,
            "required": true,
            "order": 1
        }
    },
    {
        "model": "ary.scorequestionnaire",
        "pk": 151,
        "fields": {
            "text": "Respondents are informed on how the data will be used and are formally asked if they are willing to participate through informed consent \n(-> See https://rescue.app.box.com/s/pknrxkzjoucjo9kh075fyy4qx476cg9z).",
            "sub_sector": 42,
            "required": true,
            "order": 2
        }
    },
    {
        "model": "ary.scorequestionnaire",
        "pk": 152,
        "fields": {
            "text": "The assessment design is based on a \"do no harm\" analysis, identifies potential risks to affected populations and enumerators and provides relevant mitigation measures.",
            "sub_sector": 42,
            "required": true,
            "order": 3
        }
    },
    {
        "model": "ary.scorequestionnaire",
        "pk": 153,
        "fields": {
            "text": "Strategies are in place to prevent and address sexual harassment, exploitation and abuse during the assessment process (this can include for example policies, guidance, briefings, training or complaints mechanisms).",
            "sub_sector": 42,
            "required": true,
            "order": 4
        }
    },
    {
        "model": "ary.scorequestionnaire",
        "pk": 154,
        "fields": {
            "text": "Enumerators are trained in safety and security measures.",
            "sub_sector": 42,
            "required": false,
            "order": 5
        }
    },
    {
        "model": "ary.scorequestionnaire",
        "pk": 155,
        "fields": {
            "text": "Enumerators are trained in sensitive data management, for example in how to engage with respondents who are minors.",
            "sub_sector": 42,
            "required": false,
            "order": 6
        }
    },
    {
        "model": "ary.scorequestionnaire",
        "pk": 156,
        "fields": {
            "text": "Trainings for or instructions to enumerators and team leaders include procedures for the identification and referral of cases in need of immediate follow-up.",
            "sub_sector": 42,
            "required": false,
            "order": 7
        }
    },
    {
        "model": "ary.scorequestionnaire",
        "pk": 157,
        "fields": {
            "text": "Trainings for or instructions to enumerators and team leaders include recommendations for managing expectations of affected communities.",
            "sub_sector": 42,
            "required": false,
            "order": 8
        }
    },
    {
        "model": "ary.scorequestionnaire",
        "pk": 158,
        "fields": {
            "text": "Trainings for or instructions to enumerators and team leaders include modules on humanitarian principles.",
            "sub_sector": 43,
            "required": false,
            "order": 1
        }
    },
    {
        "model": "ary.scorequestionnaire",
        "pk": 159,
        "fields": {
            "text": "Representatives from local and international NGOs, UN agencies, clusters, members of the Red Cross / Red Crescent Movement and where appropriate government / local authorities were invited to join the inter-agency assessment working group overseeing the assessment.",
            "sub_sector": 44,
            "required": false,
            "order": 1
        }
    },
    {
        "model": "ary.scorequestionnaire",
        "pk": 160,
        "fields": {
            "text": "Unless withheld for security reasons, the assessment indicates which organizations were involved in design, data collection, analysis and report writing.",
            "sub_sector": 44,
            "required": false,
            "order": 2
        }
    },
    {
        "model": "ary.scorequestionnaire",
        "pk": 161,
        "fields": {
            "text": "Assessment partners share relevant existing data, knowledge and resources to implement the assessment.",
            "sub_sector": 44,
            "required": false,
            "order": 3
        }
    },
    {
        "model": "ary.scorequestionnaire",
        "pk": 162,
        "fields": {
            "text": "The assessment is transparent about the number, types and location of respondents interviewed.",
            "sub_sector": 45,
            "required": true,
            "order": 1
        }
    },
    {
        "model": "ary.scorequestionnaire",
        "pk": 163,
        "fields": {
            "text": "The assessment indicates sources for secondary data, key findings and graphs.",
            "sub_sector": 45,
            "required": true,
            "order": 2
        }
    },
    {
        "model": "ary.scorequestionnaire",
        "pk": 164,
        "fields": {
            "text": "The assessment is transparent about limitations and information gaps and their impact on key findings.",
            "sub_sector": 45,
            "required": true,
            "order": 3
        }
    },
    {
        "model": "ary.scorequestionnaire",
        "pk": 165,
        "fields": {
            "text": "The assessment provides access to the instruments used for data collection.",
            "sub_sector": 45,
            "required": true,
            "order": 4
        }
    },
    {
        "model": "ary.scorequestionnaire",
        "pk": 166,
        "fields": {
            "text": "Technical documentation that is publicly available or available on request (for example definitions of key concepts, methodological and processing notes, anonymized microdata) allows the reproduction of assessment results.",
            "sub_sector": 45,
            "required": false,
            "order": 5
        }
    },
    {
        "model": "ary.scorequestionnaire",
        "pk": 167,
        "fields": {
            "text": "The assessment specifies probabilities, confidence levels and uncertainty attached to key findings, humanitarian population figures or conclusions.",
            "sub_sector": 45,
            "required": false,
            "order": 6
        }
    },
    {
        "model": "ary.scorequestionnaire",
        "pk": 168,
        "fields": {
            "text": "The assessment triangulates information derived from different sources (such as secondary data, key informant interviews or household surveys).",
            "sub_sector": 46,
            "required": true,
            "order": 1
        }
    },
    {
        "model": "ary.scorequestionnaire",
        "pk": 169,
        "fields": {
            "text": "The assessment triangulates information gathered through different methods.",
            "sub_sector": 46,
            "required": true,
            "order": 2
        }
    },
    {
        "model": "ary.scorequestionnaire",
        "pk": 170,
        "fields": {
            "text": "The assessment uses an appropriate sampling strategy, which can involve random or non-random sampling \n(--> 2012 Operational guidance on coordinated needs assessments).",
            "sub_sector": 46,
            "required": true,
            "order": 3
        }
    },
    {
        "model": "ary.scorequestionnaire",
        "pk": 171,
        "fields": {
            "text": "Different analytical lenses, such as gender, age, disability, and protection, are applied during the analysis.",
            "sub_sector": 46,
            "required": false,
            "order": 4
        }
    },
    {
        "model": "ary.scorequestionnaire",
        "pk": 172,
        "fields": {
            "text": "The assessment team includes international and national members and is mixed in terms of institutional backgrounds, disciplines, and gender.",
            "sub_sector": 46,
            "required": false,
            "order": 5
        }
    },
    {
        "model": "ary.scorequestionnaire",
        "pk": 173,
        "fields": {
            "text": "The assessment reports which humanitarian needs affected people and/or their representatives consider priority.",
            "sub_sector": 47,
            "required": true,
            "order": 1
        }
    },
    {
        "model": "ary.scorequestionnaire",
        "pk": 174,
        "fields": {
            "text": "Affected people are directly consulted for the assessment (rather than through their representatives or experts).",
            "sub_sector": 47,
            "required": false,
            "order": 2
        }
    },
    {
        "model": "ary.scorequestionnaire",
        "pk": 175,
        "fields": {
            "text": "The assessment reports which response modalities affected people would prefer (e.g. goods, services, cash or a mix of them).",
            "sub_sector": 47,
            "required": false,
            "order": 3
        }
    },
    {
        "model": "ary.scorequestionnaire",
        "pk": 176,
        "fields": {
            "text": "The assessment makes explicit whether there are differences between priorities expressed by men and women.",
            "sub_sector": 47,
            "required": false,
            "order": 4
        }
    },
    {
        "model": "ary.scorequestionnaire",
        "pk": 177,
        "fields": {
            "text": "The assessment establishes which issues different population groups, including people with disabilities and other potentially marginalized and discriminated groups, see as priorities.",
            "sub_sector": 47,
            "required": false,
            "order": 5
        }
    },
    {
        "model": "ary.scorequestionnaire",
        "pk": 178,
        "fields": {
            "text": "Relevant findings and results are communicated back to affected people, using contextually appropriate means of communication.",
            "sub_sector": 47,
            "required": false,
            "order": 6
        }
    },
    {
        "model": "ary.scorequestionnaire",
        "pk": 179,
        "fields": {
            "text": "Data collection tools are tested in the context before using them.",
            "sub_sector": 48,
            "required": true,
            "order": 1
        }
    },
    {
        "model": "ary.scorequestionnaire",
        "pk": 180,
        "fields": {
            "text": "Enumerators are trained on assessment objectives, methodology, questionnaire and interview techniques.",
            "sub_sector": 48,
            "required": true,
            "order": 2
        }
    },
    {
        "model": "ary.scorequestionnaire",
        "pk": 181,
        "fields": {
            "text": "The assessment design takes cultural and communication preferences of affected people into account, for example when choosing survey tools and dissemination methods, sampling strategy, sex and age of enumerators, etc.",
            "sub_sector": 48,
            "required": false,
            "order": 3
        }
    },
    {
        "model": "ary.scorequestionnaire",
        "pk": 182,
        "fields": {
            "text": "Data collection instruments and related instructions for enumerators are translated into local language(s) where relevant. -> See IASC 2015 MIRA guidance and IMWG 2016 Humanitarian profile support guidance",
            "sub_sector": 48,
            "required": false,
            "order": 4
        }
    },
    {
        "model": "ary.scorequestionnaire",
        "pk": 183,
        "fields": {
            "text": "Data collection and analysis are guided by a jointly agreed analytical framework, including a theoretical framework, a data collection and an analysis plan.",
            "sub_sector": 49,
            "required": true,
            "order": 1
        }
    },
    {
        "model": "ary.scorequestionnaire",
        "pk": 184,
        "fields": {
            "text": "The assessment states whether there are any evidence-based alternative views, contrary information or dissenting explanations or interpretations.",
            "sub_sector": 49,
            "required": false,
            "order": 2
        }
    },
    {
        "model": "ary.scorequestionnaire",
        "pk": 185,
        "fields": {
            "text": "The assessment makes assumptions explicit.",
            "sub_sector": 49,
            "required": false,
            "order": 3
        }
    },
    {
        "model": "ary.scorequestionnaire",
        "pk": 186,
        "fields": {
            "text": "The assessment identifies the most important ways in which the crisis affects people, including\u00a0protection risks.",
            "sub_sector": 50,
            "required": true,
            "order": 1
        }
    },
    {
        "model": "ary.scorequestionnaire",
        "pk": 187,
        "fields": {
            "text": "The assessment establishes the humanitarian profile of the crisis (types of affected groups and numbers). \n-> See IASC 2011 Humanitarian profile guidance",
            "sub_sector": 50,
            "required": false,
            "order": 2
        }
    },
    {
        "model": "ary.scorequestionnaire",
        "pk": 188,
        "fields": {
            "text": "The assessment identifies what coping mechanisms affected people use.",
            "sub_sector": 50,
            "required": false,
            "order": 3
        }
    },
    {
        "model": "ary.scorequestionnaire",
        "pk": 189,
        "fields": {
            "text": "The assessment identifies capacities of affected people and local authorities to cope with and respond to the crisis.",
            "sub_sector": 50,
            "required": false,
            "order": 4
        }
    },
    {
        "model": "ary.scorequestionnaire",
        "pk": 190,
        "fields": {
            "text": "The assessment identifies the scope and reach of existing humanitarian assistance.",
            "sub_sector": 50,
            "required": false,
            "order": 5
        }
    },
    {
        "model": "ary.scorequestionnaire",
        "pk": 191,
        "fields": {
            "text": "The assessment identifies the information needs and communication preferences of affected communities.",
            "sub_sector": 50,
            "required": false,
            "order": 6
        }
    },
    {
        "model": "ary.scorequestionnaire",
        "pk": 192,
        "fields": {
            "text": "The assessment uses earlier data to establish trends or evolutions in the humanitarian situation and - where applicable - to compare current findings to the situation before the crisis.",
            "sub_sector": 50,
            "required": false,
            "order": 7
        }
    },
    {
        "model": "ary.scorequestionnaire",
        "pk": 193,
        "fields": {
            "text": "The assessment identifies humanitarian access constraints, including obstacles for people in need in accessing assistance, constraints for humanitarian actors to access people in need and physical constraints.",
            "sub_sector": 50,
            "required": false,
            "order": 8
        }
    },
    {
        "model": "ary.scorequestionnaire",
        "pk": 194,
        "fields": {
            "text": "The assessment identifies factors that drive and explain humanitarian conditions.",
            "sub_sector": 51,
            "required": true,
            "order": 1
        }
    },
    {
        "model": "ary.scorequestionnaire",
        "pk": 195,
        "fields": {
            "text": "The assessment estimates and compares the severity of humanitarian conditions and the number of people in need per sector or thematic area. --> See 2016 IMWG Humanitarian population figures",
            "sub_sector": 52,
            "required": true,
            "order": 1
        }
    },
    {
        "model": "ary.scorequestionnaire",
        "pk": 196,
        "fields": {
            "text": "The assessment estimates and compares the severity of humanitarian conditions and the number of people in need by geographical area. --> See 2016 IMWG Humanitarian population figures",
            "sub_sector": 52,
            "required": true,
            "order": 2
        }
    },
    {
        "model": "ary.scorequestionnaire",
        "pk": 197,
        "fields": {
            "text": "The assessment estimates and compares the severity of humanitarian conditions and the number of people in need by affected group.--> See 2016 IMWG Humanitarian population figures",
            "sub_sector": 52,
            "required": true,
            "order": 3
        }
    },
    {
        "model": "ary.scorequestionnaire",
        "pk": 198,
        "fields": {
            "text": "The assessment is transparent on the method used to estimate the number of people in need and the severity of humanitarian conditions. --> See 2016 IMWG Humanitarian population figures",
            "sub_sector": 52,
            "required": true,
            "order": 4
        }
    },
    {
        "model": "ary.scorequestionnaire",
        "pk": 199,
        "fields": {
            "text": "The assessment estimates the overall severity of humanitarian conditions and the overall number of people in need (at inter-sector level). --> See 2016 IMWG Humanitarian population figures",
            "sub_sector": 52,
            "required": false,
            "order": 5
        }
    },
    {
        "model": "ary.scorequestionnaire",
        "pk": 200,
        "fields": {
            "text": "The assessment identifies certain and likely future events that might affect humanitarian conditions.",
            "sub_sector": 53,
            "required": true,
            "order": 1
        }
    },
    {
        "model": "ary.scorequestionnaire",
        "pk": 201,
        "fields": {
            "text": "Preliminary or final results are shared with response planners in advance of the response analysis and the planning/decision-making process.",
            "sub_sector": 54,
            "required": true,
            "order": 1
        }
    },
    {
        "model": "ary.scorequestionnaire",
        "pk": 202,
        "fields": {
            "text": "The report includes an executive summary that provides a good overview of the assessment's findings and conclusions.",
            "sub_sector": 55,
            "required": false,
            "order": 1
        }
    },
    {
        "model": "ary.scorequestionnaire",
        "pk": 203,
        "fields": {
            "text": "The report has a table of contents, is written in plain language and follows a logical structure.",
            "sub_sector": 55,
            "required": false,
            "order": 2
        }
    },
    {
        "model": "ary.scorequestionnaire",
        "pk": 204,
        "fields": {
            "text": "Conclusions are presented clearly and concisely and supported by evidence and well-reasoned arguments.",
            "sub_sector": 55,
            "required": false,
            "order": 3
        }
    },
    {
        "model": "ary.scorequestionnaire",
        "pk": 205,
        "fields": {
            "text": "Appropriate and effective visualizations (e.g. charts, maps, infographics) are used to illustrate the findings and support key conclusions.",
            "sub_sector": 55,
            "required": false,
            "order": 4
        }
    },
    {
        "model": "ary.scorequestionnaire",
        "pk": 206,
        "fields": {
            "text": "The assessment report is accessible on the most common humanitarian information platforms (e.g. HR.info, Reliefweb, HDX, UNHCR operational portal, cluster websites, etc.).",
            "sub_sector": 56,
            "required": false,
            "order": 1
        }
    },
    {
        "model": "ary.scorequestionnaire",
        "pk": 207,
        "fields": {
            "text": "The assessment is accessible on relevant government and development information platforms.",
            "sub_sector": 56,
            "required": false,
            "order": 2
        }
    },
    {
        "model": "ary.scorequestionnaire",
        "pk": 208,
        "fields": {
            "text": "Findings were presented to key actors and relevant decision-making fora at national and local level.",
            "sub_sector": 56,
            "required": false,
            "order": 3
        }
    },
    {
        "model": "ary.scorequestionnaire",
        "pk": 209,
        "fields": {
            "text": "The assessment has been translated into local languages so that local and national actors and affected people can use it.",
            "sub_sector": 56,
            "required": false,
            "order": 4
        }
    },
    {
        "model": "ary.scorequestionnaire",
        "pk": 210,
        "fields": {
            "text": "The Humanitarian Response Plan / appeal references the assessment.",
            "sub_sector": 57,
            "required": false,
            "order": 1
        }
    },
    {
        "model": "ary.scorequestionnaire",
        "pk": 211,
        "fields": {
            "text": "The Humanitarian Response Plan / appeal reflects the geographic priorities suggested by the assessment.",
            "sub_sector": 57,
            "required": false,
            "order": 2
        }
    },
    {
        "model": "ary.scorequestionnaire",
        "pk": 212,
        "fields": {
            "text": "The Humanitarian Response Plan / appeal reflects the thematic and sectoral priorities suggested by the assessment.",
            "sub_sector": 57,
            "required": false,
            "order": 3
        }
    },
    {
        "model": "ary.scorequestionnaire",
        "pk": 213,
        "fields": {
            "text": "The Humanitarian Response Plan / appeal reflects the priorities between different affected and vulnerable groups suggested by the assessment.",
            "sub_sector": 57,
            "required": false,
            "order": 4
        }
    },
    {
        "model": "ary.scorequestionnaire",
        "pk": 214,
        "fields": {
            "text": "At the end of the assessment, partners review the assessment process, methodology and tools to identify lessons and improve assessment preparedness in-country and joint assessment practice in general.",
            "sub_sector": 57,
            "required": false,
            "order": 5
        }
    },
    {
        "model": "ary.scorequestionnaire",
        "pk": 215,
        "fields": {
            "text": "A majority of interviewed cluster/sector representatives perceives the assessment as useful.",
            "sub_sector": 58,
            "required": false,
            "order": 1
        }
    },
    {
        "model": "ary.scorequestionnaire",
        "pk": 216,
        "fields": {
            "text": "A majority of interviewed cluster/sector representatives perceives the assessment as unbiased.",
            "sub_sector": 58,
            "required": false,
            "order": 2
        }
    },
    {
        "model": "ary.scorequestionnaire",
        "pk": 217,
        "fields": {
            "text": "Planning documents of a majority of consulted clusters/sectors reflect the geographic priorities suggested by the assessment.",
            "sub_sector": 58,
            "required": false,
            "order": 3
        }
    },
    {
        "model": "ary.scorequestionnaire",
        "pk": 218,
        "fields": {
            "text": "Planning documents of a majority of consulted clusters/sectors reflect the thematic and sectoral priorities suggested by the assessment.",
            "sub_sector": 58,
            "required": false,
            "order": 4
        }
    },
    {
        "model": "ary.scorequestionnaire",
        "pk": 219,
        "fields": {
            "text": "Planning documents of a majority of consulted clusters/sectors reflect the priorities between affected and vulnerable groups suggested by the assessment.",
            "sub_sector": 58,
            "required": false,
            "order": 5
        }
    },
    {
        "model": "ary.scorequestionnaire",
        "pk": 220,
        "fields": {
            "text": "A majority of interviewed UN agencies perceives the assessment as useful.",
            "sub_sector": 59,
            "required": false,
            "order": 1
        }
    },
    {
        "model": "ary.scorequestionnaire",
        "pk": 221,
        "fields": {
            "text": "A majority of interviewed UN agencies perceives the assessment as unbiased.",
            "sub_sector": 59,
            "required": false,
            "order": 2
        }
    },
    {
        "model": "ary.scorequestionnaire",
        "pk": 222,
        "fields": {
            "text": "Planning documents of a majority of interviewed UN agencies reflect the geographic priorities suggested by the assessment.",
            "sub_sector": 59,
            "required": false,
            "order": 3
        }
    },
    {
        "model": "ary.scorequestionnaire",
        "pk": 223,
        "fields": {
            "text": "Planning documents of a majority of interviewed UN agencies reflect the priorities between humanitarian sectors and sub-sectors suggested by the assessment.",
            "sub_sector": 59,
            "required": false,
            "order": 4
        }
    },
    {
        "model": "ary.scorequestionnaire",
        "pk": 224,
        "fields": {
            "text": "Planning documents of a majority of interviewed UN agencies reflect the priorities between affected and vulnerable groups suggested by the assessment.",
            "sub_sector": 59,
            "required": false,
            "order": 5
        }
    },
    {
        "model": "ary.scorequestionnaire",
        "pk": 225,
        "fields": {
            "text": "A majority of interviewed INGOs perceives the assessment as useful.",
            "sub_sector": 60,
            "required": false,
            "order": 1
        }
    },
    {
        "model": "ary.scorequestionnaire",
        "pk": 226,
        "fields": {
            "text": "A majority of interviewed INGOs perceives the assessment as unbiased.",
            "sub_sector": 60,
            "required": false,
            "order": 2
        }
    },
    {
        "model": "ary.scorequestionnaire",
        "pk": 227,
        "fields": {
            "text": "Planning documents of a majority of interviewed INGOs reflect the geographic priorities suggested by the assessment.",
            "sub_sector": 60,
            "required": false,
            "order": 3
        }
    },
    {
        "model": "ary.scorequestionnaire",
        "pk": 228,
        "fields": {
            "text": "Planning documents of a majority of interviewed INGOs reflect the priorities between humanitarian sectors and sub-sectors suggested by the assessment.",
            "sub_sector": 60,
            "required": false,
            "order": 4
        }
    },
    {
        "model": "ary.scorequestionnaire",
        "pk": 229,
        "fields": {
            "text": "Planning documents of a majority of interviewed INGOs reflect the priorities between affected and vulnerable groups suggested by the assessment.",
            "sub_sector": 60,
            "required": false,
            "order": 5
        }
    },
    {
        "model": "ary.scorequestionnaire",
        "pk": 230,
        "fields": {
            "text": "A majority of interviewed local NGOs perceives the assessment as useful.",
            "sub_sector": 61,
            "required": false,
            "order": 1
        }
    },
    {
        "model": "ary.scorequestionnaire",
        "pk": 231,
        "fields": {
            "text": "A majority of interviewed local NGOs perceives the assessment as unbiased.",
            "sub_sector": 61,
            "required": false,
            "order": 2
        }
    },
    {
        "model": "ary.scorequestionnaire",
        "pk": 232,
        "fields": {
            "text": "Planning documents of a majority of interviewed local NGOs reflect the geographic priorities suggested by the assessment.",
            "sub_sector": 61,
            "required": false,
            "order": 3
        }
    },
    {
        "model": "ary.scorequestionnaire",
        "pk": 233,
        "fields": {
            "text": "Planning documents of a majority of interviewed local NGOs reflect the priorities between humanitarian sectors and sub-sectors suggested by the assessment.",
            "sub_sector": 61,
            "required": false,
            "order": 4
        }
    },
    {
        "model": "ary.scorequestionnaire",
        "pk": 234,
        "fields": {
            "text": "Planning documents of a majority of interviewed local NGOs reflect the priorities between affected and vulnerable groups suggested by the assessment.",
            "sub_sector": 61,
            "required": false,
            "order": 5
        }
    },
    {
        "model": "ary.scorequestionnaire",
        "pk": 235,
        "fields": {
            "text": "A majority of interviewed Red Cross/Red Crescent representatives perceives the assessment as useful.",
            "sub_sector": 62,
            "required": false,
            "order": 1
        }
    },
    {
        "model": "ary.scorequestionnaire",
        "pk": 236,
        "fields": {
            "text": "A majority of interviewed Red Cross/Red Crescent representatives perceives the assessment as unbiased.",
            "sub_sector": 62,
            "required": false,
            "order": 2
        }
    },
    {
        "model": "ary.scorequestionnaire",
        "pk": 237,
        "fields": {
            "text": "Planning documents of a majority of consulted Red Cross/Red Crescent organizations reflect the geographic priorities suggested by the assessment.",
            "sub_sector": 62,
            "required": false,
            "order": 3
        }
    },
    {
        "model": "ary.scorequestionnaire",
        "pk": 238,
        "fields": {
            "text": "Planning documents of a majority of consulted Red Cross/Red Crescent organizations reflect the priorities between humanitarian sectors and sub-sectors suggested by the assessment.",
            "sub_sector": 62,
            "required": false,
            "order": 4
        }
    },
    {
        "model": "ary.scorequestionnaire",
        "pk": 239,
        "fields": {
            "text": "Planning documents of a majority of consulted Red Cross/Red Crescent organizations reflect the priorities between affected and vulnerable groups suggested by the assessment.",
            "sub_sector": 62,
            "required": false,
            "order": 5
        }
    },
    {
        "model": "ary.scorequestionnaire",
        "pk": 240,
        "fields": {
            "text": "A majority of interviewed donor representatives perceives the assessment as useful.",
            "sub_sector": 63,
            "required": false,
            "order": 1
        }
    },
    {
        "model": "ary.scorequestionnaire",
        "pk": 241,
        "fields": {
            "text": "A majority of interviewed donor representatives perceives the assessment as unbiased.",
            "sub_sector": 63,
            "required": false,
            "order": 2
        }
    },
    {
        "model": "ary.scorequestionnaire",
        "pk": 242,
        "fields": {
            "text": "Planning documents of a majority of consulted donors reflect the geographic priorities suggested by the assessment.",
            "sub_sector": 63,
            "required": false,
            "order": 3
        }
    },
    {
        "model": "ary.scorequestionnaire",
        "pk": 243,
        "fields": {
            "text": "Planning documents of a majority of consulted donors reflect the priorities between humanitarian sectors and sub-sectors suggested by the assessment.",
            "sub_sector": 63,
            "required": false,
            "order": 4
        }
    },
    {
        "model": "ary.scorequestionnaire",
        "pk": 244,
        "fields": {
            "text": "Planning documents of a majority of consulted donors reflect the priorities between affected and vulnerable groups suggested by the assessment.",
            "sub_sector": 63,
            "required": false,
            "order": 5
        }
    },
    {
        "model": "ary.scorequestionnaire",
        "pk": 245,
        "fields": {
            "text": "A majority of interviewed government representatives perceives the assessment as useful.",
            "sub_sector": 64,
            "required": false,
            "order": 1
        }
    },
    {
        "model": "ary.scorequestionnaire",
        "pk": 246,
        "fields": {
            "text": "A majority of interviewed government representatives perceives the assessment as unbiased.",
            "sub_sector": 64,
            "required": false,
            "order": 2
        }
    },
    {
        "model": "ary.scorequestionnaire",
        "pk": 247,
        "fields": {
            "text": "Government plans for the humanitarian response reflect the geographic priorities suggested by the assessment.",
            "sub_sector": 64,
            "required": false,
            "order": 3
        }
    },
    {
        "model": "ary.scorequestionnaire",
        "pk": 248,
        "fields": {
            "text": "Government plans for the humanitarian response reflect the priorities between humanitarian sectors and sub-sectors suggested by the assessment.",
            "sub_sector": 64,
            "required": false,
            "order": 4
        }
    },
    {
        "model": "ary.scorequestionnaire",
        "pk": 249,
        "fields": {
            "text": "Government plans for the humanitarian response reflect the priorities between affected and vulnerable groups suggested by the assessment.",
            "sub_sector": 64,
            "required": false,
            "order": 5
        }
    },
    {
        "model": "ary.scorequestionnaire",
        "pk": 250,
        "fields": {
            "text": "A majority of interviewed development and stabilization actors is aware of the assessment.",
            "sub_sector": 65,
            "required": false,
            "order": 1
        }
    },
    {
        "model": "ary.scorequestionnaire",
        "pk": 251,
        "fields": {
            "text": "A majority of interviewed development and stabilization actors perceives the assessment as useful.",
            "sub_sector": 65,
            "required": false,
            "order": 2
        }
    },
    {
        "model": "ary.scorequestionnaire",
        "pk": 252,
        "fields": {
            "text": "A majority of interviewed development and stabilization actors perceives the assessment as unbiased.",
            "sub_sector": 65,
            "required": false,
            "order": 3
        }
    },
    {
        "model": "ary.scorequestionnaire",
        "pk": 253,
        "fields": {
            "text": "A majority of interviewed development and stabilization actors states that they have considered assessment findings in their planning processes.",
            "sub_sector": 65,
            "required": false,
            "order": 4
        }
    },
    {
        "model": "ary.scorequestionnaire",
        "pk": 254,
        "fields": {
            "text": "The assessment covers all groups potentially affected by the crisis (depending on context e.g. refugees, IDPs, host communities, affected residents, etc.).",
            "sub_sector": 66,
            "required": false,
            "order": 1
        }
    },
    {
        "model": "ary.scorequestionnaire",
        "pk": 255,
        "fields": {
            "text": "Characteristics that increase the vulnerability of different groups in the given context (e.g. gender, age, disability, minority status, displacement, etc.) are identified when developing the questionnaire.",
            "sub_sector": 66,
            "required": false,
            "order": 2
        }
    },
    {
        "model": "ary.scorequestionnaire",
        "pk": 256,
        "fields": {
            "text": "Results for relevant indicators are disaggregated by the characteristics identified as per the previous criterion.",
            "sub_sector": 66,
            "required": false,
            "order": 3
        }
    },
    {
        "model": "ary.scorequestionnaire",
        "pk": 257,
        "fields": {
            "text": "The analysis identifies relevant distinctions within these groups (e.g. different types of disabilities, different age groups within gender groups, different gender groups within minority groups, etc.).",
            "sub_sector": 66,
            "required": false,
            "order": 4
        }
    },
    {
        "model": "ary.scorequestionnaire",
        "pk": 258,
        "fields": {
            "text": "Data protection measures are in place to protect the identity of respondents, including safe storage, password protection and anonymization when sharing data.",
            "sub_sector": 67,
            "required": false,
            "order": 1
        }
    },
    {
        "model": "ary.scorequestionnaire",
        "pk": 259,
        "fields": {
            "text": "Strategies are in place to prevent and address sexual harassment, exploitation and abuse during the assessment process (this can include for example policies, guidance, briefings, training or complaints mechanisms).",
            "sub_sector": 67,
            "required": false,
            "order": 2
        }
    },
    {
        "model": "ary.scorequestionnaire",
        "pk": 260,
        "fields": {
            "text": "Trainings for or instructions to enumerators and team leaders include recommendations for managing expectations of affected communities.",
            "sub_sector": 67,
            "required": false,
            "order": 3
        }
    },
    {
        "model": "ary.scorequestionnaire",
        "pk": 261,
        "fields": {
            "text": "Affected people are directly consulted for the assessment (rather than through their representatives or experts).",
            "sub_sector": 68,
            "required": false,
            "order": 1
        }
    },
    {
        "model": "ary.scorequestionnaire",
        "pk": 262,
        "fields": {
            "text": "The assessment makes explicit whether there are differences between priorities expressed by men and women.",
            "sub_sector": 68,
            "required": false,
            "order": 2
        }
    },
    {
        "model": "ary.scorequestionnaire",
        "pk": 263,
        "fields": {
            "text": "The assessment establishes which issues different population groups, including people with disabilities and other potentially marginalized and discriminated groups, see as priorities.",
            "sub_sector": 68,
            "required": false,
            "order": 3
        }
    },
    {
        "model": "ary.scorequestionnaire",
        "pk": 264,
        "fields": {
            "text": "Data collection tools are tested in the context before using them.",
            "sub_sector": 69,
            "required": false,
            "order": 1
        }
    },
    {
        "model": "ary.scorequestionnaire",
        "pk": 265,
        "fields": {
            "text": "Data collection instruments and related instructions for enumerators are translated into local language(s) where relevant. -> See IASC 2015 MIRA guidance and IMWG 2016 Humanitarian profile support guidance",
            "sub_sector": 69,
            "required": false,
            "order": 2
        }
    },
    {
        "model": "ary.scorequestionnaire",
        "pk": 266,
        "fields": {
            "text": "The assessment reports which humanitarian needs affected people and/or their representatives consider priority.",
            "sub_sector": 70,
            "required": false,
            "order": 1
        }
    },
    {
        "model": "ary.scorequestionnaire",
        "pk": 267,
        "fields": {
            "text": "The assessment reports which response modalities affected people would prefer (e.g. goods, services, cash or a mix of them).",
            "sub_sector": 70,
            "required": false,
            "order": 2
        }
    },
    {
        "model": "ary.scorequestionnaire",
        "pk": 268,
        "fields": {
            "text": "Relevant findings and results are communicated back to affected people, using contextually appropriate means of communication.",
            "sub_sector": 70,
            "required": false,
            "order": 3
        }
    },
    {
        "model": "ary.scorequestionnaire",
        "pk": 269,
        "fields": {
            "text": "The assessment design takes cultural and communication preferences of affected people into account, for example when choosing survey tools and dissemination methods, sampling strategy, sex and age of enumerators, etc.",
            "sub_sector": 71,
            "required": false,
            "order": 1
        }
    },
    {
        "model": "ary.scorequestionnaire",
        "pk": 270,
        "fields": {
            "text": "The assessment identifies the most important ways in which the crisis affects people, including\u00a0protection risks.",
            "sub_sector": 72,
            "required": false,
            "order": 1
        }
    },
    {
        "model": "ary.scorequestionnaire",
        "pk": 271,
        "fields": {
            "text": "The assessment establishes the humanitarian profile of the crisis (types of affected groups and numbers). \n-> See IASC 2011 Humanitarian profile guidance",
            "sub_sector": 72,
            "required": false,
            "order": 2
        }
    },
    {
        "model": "ary.scorequestionnaire",
        "pk": 272,
        "fields": {
            "text": "The assessment identifies what coping mechanisms affected people use.",
            "sub_sector": 72,
            "required": false,
            "order": 3
        }
    },
    {
        "model": "ary.scorequestionnaire",
        "pk": 273,
        "fields": {
            "text": "The assessment identifies capacities of affected people and local authorities to cope with and respond to the crisis.",
            "sub_sector": 72,
            "required": false,
            "order": 4
        }
    },
    {
        "model": "ary.scorequestionnaire",
        "pk": 274,
        "fields": {
            "text": "The assessment analyzes the information needs and communication preferences of affected communities.",
            "sub_sector": 72,
            "required": false,
            "order": 5
        }
    },
    {
        "model": "ary.scorequestionnaire",
        "pk": 275,
        "fields": {
            "text": "The assessment identifies humanitarian access constraints, including obstacles for people in need in accessing assistance, constraints for humanitarian actors to access people in need and physical constraints.",
            "sub_sector": 72,
            "required": false,
            "order": 6
        }
    },
    {
        "model": "ary.scorequestionnaire",
        "pk": 276,
        "fields": {
            "text": "The assessment has been translated into local languages so that local and national actors and affected people can use it.",
            "sub_sector": 73,
            "required": false,
            "order": 1
        }
    },
    {
        "model": "ary.scorequestionnaire",
        "pk": 277,
        "fields": {
            "text": "The assessment design is based on a \"do no harm\" analysis, identifies potential risks to affected populations and enumerators and provides relevant mitigation measures.",
            "sub_sector": 74,
            "required": false,
            "order": 1
        }
    },
    {
        "model": "ary.scorequestionnaire",
        "pk": 278,
        "fields": {
            "text": "Enumerators are trained in safety and security measures.",
            "sub_sector": 74,
            "required": false,
            "order": 2
        }
    },
    {
        "model": "ary.scorequestionnaire",
        "pk": 279,
        "fields": {
            "text": "The assessment was triggered by one of the following:\n- a significant change in the situation;\n- the need to cover critical information gaps identified through a review of secondary data; \n- the need to inform a major planning exercise;\n- a request by the affected government.",
            "sub_sector": 75,
            "required": false,
            "order": 1
        }
    },
    {
        "model": "ary.scorequestionnaire",
        "pk": 280,
        "fields": {
            "text": "The report states the assessment's general and specific objectives in terms of geographic areas, sectors, thematic areas and population groups to be assessed.",
            "sub_sector": 75,
            "required": false,
            "order": 2
        }
    },
    {
        "model": "ary.scorequestionnaire",
        "pk": 281,
        "fields": {
            "text": "Relevant decision makers, data, subject matter and context experts were involved in defining the objectives and the scope of the assessment to ensure it meets their information needs.",
            "sub_sector": 75,
            "required": false,
            "order": 3
        }
    },
    {
        "model": "ary.scorequestionnaire",
        "pk": 282,
        "fields": {
            "text": "The assessment is explicit about which humanitarian planning exercise it aims to inform.",
            "sub_sector": 75,
            "required": false,
            "order": 4
        }
    },
    {
        "model": "ary.scorequestionnaire",
        "pk": 283,
        "fields": {
            "text": "The assessment objectives and scope take into account existing information (e.g. assessment registry, secondary data review, lessons learnt from past assessments) and limit the burden of the assessment on the affected population by minimizing data collected.",
            "sub_sector": 75,
            "required": false,
            "order": 5
        }
    },
    {
        "model": "ary.scorequestionnaire",
        "pk": 284,
        "fields": {
            "text": "The assessment's objectives include conducting an inter-sectoral analysis.",
            "sub_sector": 75,
            "required": false,
            "order": 6
        }
    },
    {
        "model": "ary.scorequestionnaire",
        "pk": 285,
        "fields": {
            "text": "Strategies are in place to prevent and address sexual harassment, exploitation and abuse during the assessment process (this can include for example policies, guidance, briefings, training or complaints mechanisms).",
            "sub_sector": 76,
            "required": false,
            "order": 1
        }
    },
    {
        "model": "ary.scorequestionnaire",
        "pk": 286,
        "fields": {
            "text": "Enumerators are trained in safety and security measures.",
            "sub_sector": 76,
            "required": false,
            "order": 2
        }
    },
    {
        "model": "ary.scorequestionnaire",
        "pk": 287,
        "fields": {
            "text": "Enumerators are trained in sensitive data management, for example in how to engage with respondents who are minors.",
            "sub_sector": 76,
            "required": false,
            "order": 3
        }
    },
    {
        "model": "ary.scorequestionnaire",
        "pk": 288,
        "fields": {
            "text": "Trainings for or instructions to enumerators and team leaders include procedures for the identification and referral of cases in need of immediate follow-up.",
            "sub_sector": 76,
            "required": false,
            "order": 4
        }
    },
    {
        "model": "ary.scorequestionnaire",
        "pk": 289,
        "fields": {
            "text": "Enumerators are trained on assessment objectives, methodology, questionnaire and interview techniques.",
            "sub_sector": 77,
            "required": false,
            "order": 1
        }
    },
    {
        "model": "ary.scorequestionnaire",
        "pk": 290,
        "fields": {
            "text": "Trainings for or instructions to enumerators and team leaders include modules on humanitarian principles.",
            "sub_sector": 78,
            "required": false,
            "order": 1
        }
    },
    {
        "model": "ary.scorequestionnaire",
        "pk": 291,
        "fields": {
            "text": "The assessment objectives and scope take into account existing information (e.g. assessment registry, secondary data review, lessons learnt from past assessments) and limit the burden of the assessment on the affected population by minimizing data collected.",
            "sub_sector": 79,
            "required": false,
            "order": 1
        }
    },
    {
        "model": "ary.scorequestionnaire",
        "pk": 292,
        "fields": {
            "text": "Representatives from local and international NGOs, UN agencies, clusters, members of the Red Cross / Red Crescent Movement and where appropriate government / local authorities were invited to join the inter-agency assessment working group overseeing the assessment.",
            "sub_sector": 80,
            "required": false,
            "order": 1
        }
    },
    {
        "model": "ary.scorequestionnaire",
        "pk": 293,
        "fields": {
            "text": "Unless withheld for security reasons, the assessment indicates which organizations were involved in design, data collection, analysis and report writing.",
            "sub_sector": 80,
            "required": false,
            "order": 2
        }
    },
    {
        "model": "ary.scorequestionnaire",
        "pk": 294,
        "fields": {
            "text": "Assessment partners share relevant existing data, knowledge and resources to implement the assessment.",
            "sub_sector": 80,
            "required": false,
            "order": 3
        }
    },
    {
        "model": "ary.scorequestionnaire",
        "pk": 295,
        "fields": {
            "text": "The assessment triangulates information derived from different sources (such as secondary data, key informant interviews or household surveys).",
            "sub_sector": 81,
            "required": false,
            "order": 1
        }
    },
    {
        "model": "ary.scorequestionnaire",
        "pk": 296,
        "fields": {
            "text": "The assessment triangulates information gathered through different methods.",
            "sub_sector": 81,
            "required": false,
            "order": 2
        }
    },
    {
        "model": "ary.scorequestionnaire",
        "pk": 297,
        "fields": {
            "text": "The assessment uses an appropriate sampling strategy, which can involve random or non-random sampling \n(--> 2012 Operational guidance on coordinated needs assessments).",
            "sub_sector": 81,
            "required": false,
            "order": 3
        }
    },
    {
        "model": "ary.scorequestionnaire",
        "pk": 298,
        "fields": {
            "text": "Different analytical lenses, such as gender, age, disability, and protection, are applied during the analysis.",
            "sub_sector": 81,
            "required": false,
            "order": 4
        }
    },
    {
        "model": "ary.scorequestionnaire",
        "pk": 299,
        "fields": {
            "text": "The assessment team includes international and national members and is mixed in terms of institutional backgrounds, disciplines, and gender.",
            "sub_sector": 81,
            "required": false,
            "order": 5
        }
    },
    {
        "model": "ary.scorequestionnaire",
        "pk": 300,
        "fields": {
            "text": "Data collection and analysis are guided by a jointly agreed analytical framework, including a theoretical framework, a data collection and an analysis plan.",
            "sub_sector": 82,
            "required": false,
            "order": 1
        }
    },
    {
        "model": "ary.scorequestionnaire",
        "pk": 301,
        "fields": {
            "text": "The assessment states whether there are any evidence-based alternative views, contrary information or dissenting explanations or interpretations.",
            "sub_sector": 83,
            "required": false,
            "order": 1
        }
    },
    {
        "model": "ary.scorequestionnaire",
        "pk": 302,
        "fields": {
            "text": "Data protection measures are in place to protect the identity of respondents, including safe storage, password protection and anonymization when sharing data.",
            "sub_sector": 84,
            "required": false,
            "order": 1
        }
    },
    {
        "model": "ary.scorequestionnaire",
        "pk": 303,
        "fields": {
            "text": "Respondents are informed on how the data will be used and are formally asked if they are willing to participate through informed consent \n(-> See https://rescue.app.box.com/s/pknrxkzjoucjo9kh075fyy4qx476cg9z).",
            "sub_sector": 84,
            "required": false,
            "order": 2
        }
    },
    {
        "model": "ary.scorequestionnaire",
        "pk": 304,
        "fields": {
            "text": "The assessment report is accessible on the most common humanitarian information platforms (e.g. HR.info, Reliefweb, HDX, UNHCR operational portal, cluster websites, etc.).",
            "sub_sector": 85,
            "required": false,
            "order": 1
        }
    },
    {
        "model": "ary.scorequestionnaire",
        "pk": 305,
        "fields": {
            "text": "The assessment is accessible on relevant government and development information platforms.",
            "sub_sector": 85,
            "required": false,
            "order": 2
        }
    },
    {
        "model": "ary.scorequestionnaire",
        "pk": 306,
        "fields": {
            "text": "Findings were presented to key actors and relevant decision-making fora at national and local level.",
            "sub_sector": 85,
            "required": false,
            "order": 3
        }
    },
    {
        "model": "ary.scorequestionnaire",
        "pk": 307,
        "fields": {
            "text": "The assessment has been translated into local languages so that local and national actors and affected people can use it.",
            "sub_sector": 85,
            "required": false,
            "order": 4
        }
    },
    {
        "model": "ary.scorequestionnaire",
        "pk": 308,
        "fields": {
            "text": "The assessment is transparent about the number, types and location of respondents interviewed.",
            "sub_sector": 86,
            "required": false,
            "order": 1
        }
    },
    {
        "model": "ary.scorequestionnaire",
        "pk": 309,
        "fields": {
            "text": "The assessment indicates sources for secondary data, key findings and graphs.",
            "sub_sector": 86,
            "required": false,
            "order": 2
        }
    },
    {
        "model": "ary.scorequestionnaire",
        "pk": 310,
        "fields": {
            "text": "The assessment is transparent about limitations and information gaps and their impact on key findings.",
            "sub_sector": 86,
            "required": false,
            "order": 3
        }
    },
    {
        "model": "ary.scorequestionnaire",
        "pk": 311,
        "fields": {
            "text": "The assessment provides access to the instruments used for data collection.",
            "sub_sector": 86,
            "required": false,
            "order": 4
        }
    },
    {
        "model": "ary.scorequestionnaire",
        "pk": 312,
        "fields": {
            "text": "Technical documentation that is publicly available or available on request (for example definitions of key concepts, methodological and processing notes, anonymized microdata) allows the reproduction of assessment results.",
            "sub_sector": 86,
            "required": false,
            "order": 5
        }
    },
    {
        "model": "ary.scorequestionnaire",
        "pk": 313,
        "fields": {
            "text": "The assessment specifies probabilities, confidence levels and uncertainty attached to key findings, humanitarian population figures or conclusions.",
            "sub_sector": 86,
            "required": false,
            "order": 6
        }
    },
    {
        "model": "ary.scorequestionnaire",
        "pk": 314,
        "fields": {
            "text": "The assessment makes assumptions explicit.",
            "sub_sector": 87,
            "required": false,
            "order": 1
        }
    },
    {
        "model": "ary.scorequestionnaire",
        "pk": 315,
        "fields": {
            "text": "The assessment triangulates information derived from different sources (such as secondary data, key informant interviews or household surveys).",
            "sub_sector": 88,
            "required": false,
            "order": 1
        }
    },
    {
        "model": "ary.scorequestionnaire",
        "pk": 316,
        "fields": {
            "text": "The assessment triangulates information gathered through different methods.",
            "sub_sector": 88,
            "required": false,
            "order": 2
        }
    },
    {
        "model": "ary.scorequestionnaire",
        "pk": 317,
        "fields": {
            "text": "The assessment uses an appropriate sampling strategy, which can involve random or non-random sampling \n(--> 2012 Operational guidance on coordinated needs assessments).",
            "sub_sector": 88,
            "required": false,
            "order": 3
        }
    },
    {
        "model": "ary.scorequestionnaire",
        "pk": 318,
        "fields": {
            "text": "Different analytical lenses, such as gender, age, disability, and protection, are applied during the analysis.",
            "sub_sector": 88,
            "required": false,
            "order": 4
        }
    },
    {
        "model": "ary.scorequestionnaire",
        "pk": 319,
        "fields": {
            "text": "The assessment team includes international and national members and is mixed in terms of institutional backgrounds, disciplines, and gender.",
            "sub_sector": 88,
            "required": false,
            "order": 5
        }
    },
    {
        "model": "ary.scorequestionnaire",
        "pk": 320,
        "fields": {
            "text": "Data collection and analysis are guided by a jointly agreed analytical framework, including a theoretical framework, a data collection and an analysis plan.",
            "sub_sector": 89,
            "required": false,
            "order": 1
        }
    },
    {
        "model": "ary.scorequestionnaire",
        "pk": 321,
        "fields": {
            "text": "The assessment states whether there are any evidence-based alternative views, contrary information or dissenting explanations or interpretations.",
            "sub_sector": 89,
            "required": false,
            "order": 2
        }
    },
    {
        "model": "ary.scorequestionnaire",
        "pk": 322,
        "fields": {
            "text": "The assessment makes assumptions explicit.",
            "sub_sector": 89,
            "required": false,
            "order": 3
        }
    }
]
